[2025-03-02T15:51:17.813+0000] {manager.py:487} INFO - Processing files using up to 2 processes at a time 
[2025-03-02T15:51:17.814+0000] {manager.py:488} INFO - Process each file at most once every 30 seconds
[2025-03-02T15:51:17.814+0000] {manager.py:489} INFO - Checking for new files in /opt/airflow/dags every 300 seconds
[2025-03-02T15:51:17.815+0000] {manager.py:759} INFO - Searching for files in /opt/airflow/dags
[2025-03-02T15:51:17.816+0000] {manager.py:762} INFO - There are 0 files in /opt/airflow/dags
[2025-03-02T15:56:17.893+0000] {manager.py:759} INFO - Searching for files in /opt/airflow/dags
[2025-03-02T15:56:17.903+0000] {manager.py:762} INFO - There are 0 files in /opt/airflow/dags
[2025-03-02T15:56:38.597+0000] {manager.py:469} INFO - Exiting gracefully upon receiving signal 15
[2025-03-02T15:57:21.560+0000] {manager.py:487} INFO - Processing files using up to 2 processes at a time 
[2025-03-02T15:57:21.561+0000] {manager.py:488} INFO - Process each file at most once every 30 seconds
[2025-03-02T15:57:21.561+0000] {manager.py:489} INFO - Checking for new files in /opt/airflow/dags every 300 seconds
[2025-03-02T15:57:21.561+0000] {manager.py:759} INFO - Searching for files in /opt/airflow/dags
[2025-03-02T15:57:21.562+0000] {manager.py:762} INFO - There are 0 files in /opt/airflow/dags
[2025-03-02T15:58:01.040+0000] {manager.py:469} INFO - Exiting gracefully upon receiving signal 15
[2025-03-02T15:59:36.386+0000] {manager.py:487} INFO - Processing files using up to 2 processes at a time 
[2025-03-02T15:59:36.386+0000] {manager.py:488} INFO - Process each file at most once every 30 seconds
[2025-03-02T15:59:36.387+0000] {manager.py:489} INFO - Checking for new files in /opt/airflow/dags every 300 seconds
[2025-03-02T15:59:36.387+0000] {manager.py:759} INFO - Searching for files in /opt/airflow/dags
[2025-03-02T15:59:36.388+0000] {manager.py:762} INFO - There are 0 files in /opt/airflow/dags
[2025-03-02T16:04:36.448+0000] {manager.py:759} INFO - Searching for files in /opt/airflow/dags
[2025-03-02T16:04:36.456+0000] {manager.py:762} INFO - There are 0 files in /opt/airflow/dags
[2025-03-02T16:08:04.390+0000] {manager.py:469} INFO - Exiting gracefully upon receiving signal 15
[2025-03-02T16:08:34.121+0000] {manager.py:487} INFO - Processing files using up to 2 processes at a time 
[2025-03-02T16:08:34.122+0000] {manager.py:488} INFO - Process each file at most once every 30 seconds
[2025-03-02T16:08:34.124+0000] {manager.py:489} INFO - Checking for new files in /opt/airflow/dags every 300 seconds
[2025-03-02T16:08:34.124+0000] {manager.py:759} INFO - Searching for files in /opt/airflow/dags
[2025-03-02T16:08:34.129+0000] {manager.py:762} INFO - There are 1 files in /opt/airflow/dags
[2025-03-02T16:08:34.204+0000] {manager.py:893} INFO - 
================================================================================
DAG File Processing Stats

File Path                                                         PID  Runtime      # DAGs    # Errors  Last Runtime    Last Run
--------------------------------------------------------------  -----  ---------  --------  ----------  --------------  ----------
/opt/airflow/dags/pipeline_orchestration/customer_churn_dag.py    157  0.03s             0           0
================================================================================
[2025-03-02T16:09:04.492+0000] {manager.py:893} INFO - 
================================================================================
DAG File Processing Stats

File Path                                                         PID  Runtime      # DAGs    # Errors  Last Runtime    Last Run
--------------------------------------------------------------  -----  ---------  --------  ----------  --------------  -------------------
/opt/airflow/dags/pipeline_orchestration/customer_churn_dag.py    163  0.02s             1           0  0.10s           2025-03-02T16:08:34
================================================================================
[2025-03-02T16:09:34.880+0000] {manager.py:893} INFO - 
================================================================================
DAG File Processing Stats

File Path                                                         PID  Runtime      # DAGs    # Errors  Last Runtime    Last Run
--------------------------------------------------------------  -----  ---------  --------  ----------  --------------  -------------------
/opt/airflow/dags/pipeline_orchestration/customer_churn_dag.py    168  0.01s             1           0  0.18s           2025-03-02T16:09:04
================================================================================
[2025-03-02T16:10:05.378+0000] {manager.py:893} INFO - 
================================================================================
DAG File Processing Stats

File Path                                                         PID  Runtime      # DAGs    # Errors  Last Runtime    Last Run
--------------------------------------------------------------  -----  ---------  --------  ----------  --------------  -------------------
/opt/airflow/dags/pipeline_orchestration/customer_churn_dag.py    201  0.02s             1           0  0.13s           2025-03-02T16:09:34
================================================================================
[2025-03-02T16:10:35.754+0000] {manager.py:893} INFO - 
================================================================================
DAG File Processing Stats

File Path                                                         PID  Runtime      # DAGs    # Errors  Last Runtime    Last Run
--------------------------------------------------------------  -----  ---------  --------  ----------  --------------  -------------------
/opt/airflow/dags/pipeline_orchestration/customer_churn_dag.py    206  0.02s             1           0  0.16s           2025-03-02T16:10:05
================================================================================
[2025-03-02T16:11:06.187+0000] {manager.py:893} INFO - 
================================================================================
DAG File Processing Stats

File Path                                                         PID  Runtime      # DAGs    # Errors  Last Runtime    Last Run
--------------------------------------------------------------  -----  ---------  --------  ----------  --------------  -------------------
/opt/airflow/dags/pipeline_orchestration/customer_churn_dag.py    211  0.03s             1           0  0.17s           2025-03-02T16:10:35
================================================================================
[2025-03-02T16:11:36.635+0000] {manager.py:893} INFO - 
================================================================================
DAG File Processing Stats

File Path                                                         PID  Runtime      # DAGs    # Errors  Last Runtime    Last Run
--------------------------------------------------------------  -----  ---------  --------  ----------  --------------  -------------------
/opt/airflow/dags/pipeline_orchestration/customer_churn_dag.py    216  0.02s             1           0  0.16s           2025-03-02T16:11:06
================================================================================
[2025-03-02T16:12:07.089+0000] {manager.py:893} INFO - 
================================================================================
DAG File Processing Stats

File Path                                                         PID  Runtime      # DAGs    # Errors  Last Runtime    Last Run
--------------------------------------------------------------  -----  ---------  --------  ----------  --------------  -------------------
/opt/airflow/dags/pipeline_orchestration/customer_churn_dag.py    221  0.02s             1           0  0.15s           2025-03-02T16:11:36
================================================================================
[2025-03-02T16:12:37.426+0000] {manager.py:893} INFO - 
================================================================================
DAG File Processing Stats

File Path                                                         PID  Runtime      # DAGs    # Errors  Last Runtime    Last Run
--------------------------------------------------------------  -----  ---------  --------  ----------  --------------  -------------------
/opt/airflow/dags/pipeline_orchestration/customer_churn_dag.py    226  0.02s             1           0  0.15s           2025-03-02T16:12:07
================================================================================
[2025-03-02T16:13:07.886+0000] {manager.py:893} INFO - 
================================================================================
DAG File Processing Stats

File Path                                                         PID  Runtime      # DAGs    # Errors  Last Runtime    Last Run
--------------------------------------------------------------  -----  ---------  --------  ----------  --------------  -------------------
/opt/airflow/dags/pipeline_orchestration/customer_churn_dag.py    231  0.02s             1           0  0.15s           2025-03-02T16:12:37
================================================================================
[2025-03-02T16:13:34.201+0000] {manager.py:759} INFO - Searching for files in /opt/airflow/dags
[2025-03-02T16:13:34.211+0000] {manager.py:762} INFO - There are 1 files in /opt/airflow/dags
[2025-03-02T16:13:38.316+0000] {manager.py:893} INFO - 
================================================================================
DAG File Processing Stats

File Path                                                         PID  Runtime      # DAGs    # Errors  Last Runtime    Last Run
--------------------------------------------------------------  -----  ---------  --------  ----------  --------------  -------------------
/opt/airflow/dags/pipeline_orchestration/customer_churn_dag.py    236  0.02s             1           0  0.16s           2025-03-02T16:13:08
================================================================================
[2025-03-02T16:14:08.710+0000] {manager.py:893} INFO - 
================================================================================
DAG File Processing Stats

File Path                                                         PID  Runtime      # DAGs    # Errors  Last Runtime    Last Run
--------------------------------------------------------------  -----  ---------  --------  ----------  --------------  -------------------
/opt/airflow/dags/pipeline_orchestration/customer_churn_dag.py    241  0.03s             1           0  0.15s           2025-03-02T16:13:38
================================================================================
[2025-03-02T16:14:39.139+0000] {manager.py:893} INFO - 
================================================================================
DAG File Processing Stats

File Path                                                         PID  Runtime      # DAGs    # Errors  Last Runtime    Last Run
--------------------------------------------------------------  -----  ---------  --------  ----------  --------------  -------------------
/opt/airflow/dags/pipeline_orchestration/customer_churn_dag.py    246  0.02s             1           0  0.17s           2025-03-02T16:14:08
================================================================================
[2025-03-02T16:15:09.615+0000] {manager.py:893} INFO - 
================================================================================
DAG File Processing Stats

File Path                                                         PID  Runtime      # DAGs    # Errors  Last Runtime    Last Run
--------------------------------------------------------------  -----  ---------  --------  ----------  --------------  -------------------
/opt/airflow/dags/pipeline_orchestration/customer_churn_dag.py    251  0.04s             1           0  0.15s           2025-03-02T16:14:39
================================================================================
[2025-03-02T16:15:40.064+0000] {manager.py:893} INFO - 
================================================================================
DAG File Processing Stats

File Path                                                         PID  Runtime      # DAGs    # Errors  Last Runtime    Last Run
--------------------------------------------------------------  -----  ---------  --------  ----------  --------------  -------------------
/opt/airflow/dags/pipeline_orchestration/customer_churn_dag.py    256  0.04s             1           0  0.18s           2025-03-02T16:15:09
================================================================================
[2025-03-02T16:16:10.419+0000] {manager.py:893} INFO - 
================================================================================
DAG File Processing Stats

File Path                                                         PID  Runtime      # DAGs    # Errors  Last Runtime    Last Run
--------------------------------------------------------------  -----  ---------  --------  ----------  --------------  -------------------
/opt/airflow/dags/pipeline_orchestration/customer_churn_dag.py    261  0.02s             1           0  0.19s           2025-03-02T16:15:40
================================================================================
[2025-03-02T16:16:40.999+0000] {manager.py:893} INFO - 
================================================================================
DAG File Processing Stats

File Path                                                         PID  Runtime      # DAGs    # Errors  Last Runtime    Last Run
--------------------------------------------------------------  -----  ---------  --------  ----------  --------------  -------------------
/opt/airflow/dags/pipeline_orchestration/customer_churn_dag.py    266  0.03s             1           0  0.16s           2025-03-02T16:16:10
================================================================================
[2025-03-02T16:17:11.533+0000] {manager.py:893} INFO - 
================================================================================
DAG File Processing Stats

File Path                                                         PID  Runtime      # DAGs    # Errors  Last Runtime    Last Run
--------------------------------------------------------------  -----  ---------  --------  ----------  --------------  -------------------
/opt/airflow/dags/pipeline_orchestration/customer_churn_dag.py    271  0.02s             1           0  0.17s           2025-03-02T16:16:41
================================================================================
[2025-03-02T16:17:42.003+0000] {manager.py:893} INFO - 
================================================================================
DAG File Processing Stats

File Path                                                         PID  Runtime      # DAGs    # Errors  Last Runtime    Last Run
--------------------------------------------------------------  -----  ---------  --------  ----------  --------------  -------------------
/opt/airflow/dags/pipeline_orchestration/customer_churn_dag.py    276  0.02s             1           0  0.16s           2025-03-02T16:17:11
================================================================================
[2025-03-02T16:18:12.478+0000] {manager.py:893} INFO - 
================================================================================
DAG File Processing Stats

File Path                                                         PID  Runtime      # DAGs    # Errors  Last Runtime    Last Run
--------------------------------------------------------------  -----  ---------  --------  ----------  --------------  -------------------
/opt/airflow/dags/pipeline_orchestration/customer_churn_dag.py    281  0.02s             1           0  0.16s           2025-03-02T16:17:42
================================================================================
[2025-03-02T16:18:34.785+0000] {manager.py:759} INFO - Searching for files in /opt/airflow/dags
[2025-03-02T16:18:34.801+0000] {manager.py:762} INFO - There are 1 files in /opt/airflow/dags
[2025-03-02T16:18:42.972+0000] {manager.py:893} INFO - 
================================================================================
DAG File Processing Stats

File Path                                                         PID  Runtime      # DAGs    # Errors  Last Runtime    Last Run
--------------------------------------------------------------  -----  ---------  --------  ----------  --------------  -------------------
/opt/airflow/dags/pipeline_orchestration/customer_churn_dag.py    286  0.02s             1           0  0.13s           2025-03-02T16:18:12
================================================================================
[2025-03-02T16:19:13.445+0000] {manager.py:893} INFO - 
================================================================================
DAG File Processing Stats

File Path                                                         PID  Runtime      # DAGs    # Errors  Last Runtime    Last Run
--------------------------------------------------------------  -----  ---------  --------  ----------  --------------  -------------------
/opt/airflow/dags/pipeline_orchestration/customer_churn_dag.py    291  0.03s             1           0  0.15s           2025-03-02T16:18:43
================================================================================
[2025-03-02T16:19:43.891+0000] {manager.py:893} INFO - 
================================================================================
DAG File Processing Stats

File Path                                                         PID  Runtime      # DAGs    # Errors  Last Runtime    Last Run
--------------------------------------------------------------  -----  ---------  --------  ----------  --------------  -------------------
/opt/airflow/dags/pipeline_orchestration/customer_churn_dag.py    296  0.02s             1           0  0.15s           2025-03-02T16:19:13
================================================================================
[2025-03-02T16:20:14.325+0000] {manager.py:893} INFO - 
================================================================================
DAG File Processing Stats

File Path                                                         PID  Runtime      # DAGs    # Errors  Last Runtime    Last Run
--------------------------------------------------------------  -----  ---------  --------  ----------  --------------  -------------------
/opt/airflow/dags/pipeline_orchestration/customer_churn_dag.py    301  0.03s             1           0  0.15s           2025-03-02T16:19:44
================================================================================
[2025-03-02T16:20:44.687+0000] {manager.py:893} INFO - 
================================================================================
DAG File Processing Stats

File Path                                                         PID  Runtime      # DAGs    # Errors  Last Runtime    Last Run
--------------------------------------------------------------  -----  ---------  --------  ----------  --------------  -------------------
/opt/airflow/dags/pipeline_orchestration/customer_churn_dag.py    306  0.03s             1           0  0.15s           2025-03-02T16:20:14
================================================================================
[2025-03-02T16:21:15.180+0000] {manager.py:893} INFO - 
================================================================================
DAG File Processing Stats

File Path                                                         PID  Runtime      # DAGs    # Errors  Last Runtime    Last Run
--------------------------------------------------------------  -----  ---------  --------  ----------  --------------  -------------------
/opt/airflow/dags/pipeline_orchestration/customer_churn_dag.py    311  0.03s             1           0  0.16s           2025-03-02T16:20:44
================================================================================
[2025-03-02T16:21:45.689+0000] {manager.py:893} INFO - 
================================================================================
DAG File Processing Stats

File Path                                                         PID  Runtime      # DAGs    # Errors  Last Runtime    Last Run
--------------------------------------------------------------  -----  ---------  --------  ----------  --------------  -------------------
/opt/airflow/dags/pipeline_orchestration/customer_churn_dag.py    316  0.04s             1           0  0.17s           2025-03-02T16:21:15
================================================================================
[2025-03-02T16:23:45.817+0000] {manager.py:759} INFO - Searching for files in /opt/airflow/dags
[2025-03-02T16:23:45.827+0000] {manager.py:762} INFO - There are 1 files in /opt/airflow/dags
[2025-03-02T16:23:58.014+0000] {manager.py:893} INFO - 
================================================================================
DAG File Processing Stats

File Path                                                       PID    Runtime      # DAGs    # Errors  Last Runtime    Last Run
--------------------------------------------------------------  -----  ---------  --------  ----------  --------------  -------------------
/opt/airflow/dags/pipeline_orchestration/customer_churn_dag.py                           1           0  0.13s           2025-03-02T16:23:45
================================================================================
[2025-03-02T16:24:28.584+0000] {manager.py:893} INFO - 
================================================================================
DAG File Processing Stats

File Path                                                       PID    Runtime      # DAGs    # Errors  Last Runtime    Last Run
--------------------------------------------------------------  -----  ---------  --------  ----------  --------------  -------------------
/opt/airflow/dags/pipeline_orchestration/customer_churn_dag.py                           1           0  0.14s           2025-03-02T16:24:16
================================================================================
[2025-03-02T16:37:31.455+0000] {manager.py:759} INFO - Searching for files in /opt/airflow/dags
[2025-03-02T16:37:31.477+0000] {manager.py:762} INFO - There are 1 files in /opt/airflow/dags
[2025-03-02T16:37:44.704+0000] {manager.py:893} INFO - 
================================================================================
DAG File Processing Stats

File Path                                                       PID    Runtime      # DAGs    # Errors  Last Runtime    Last Run
--------------------------------------------------------------  -----  ---------  --------  ----------  --------------  -------------------
/opt/airflow/dags/pipeline_orchestration/customer_churn_dag.py                           1           0  0.39s           2025-03-02T16:37:31
================================================================================
[2025-03-02T16:38:15.351+0000] {manager.py:893} INFO - 
================================================================================
DAG File Processing Stats

File Path                                                       PID    Runtime      # DAGs    # Errors  Last Runtime    Last Run
--------------------------------------------------------------  -----  ---------  --------  ----------  --------------  -------------------
/opt/airflow/dags/pipeline_orchestration/customer_churn_dag.py                           1           0  0.18s           2025-03-02T16:38:02
================================================================================
[2025-03-02T16:38:45.769+0000] {manager.py:893} INFO - 
================================================================================
DAG File Processing Stats

File Path                                                       PID    Runtime      # DAGs    # Errors  Last Runtime    Last Run
--------------------------------------------------------------  -----  ---------  --------  ----------  --------------  -------------------
/opt/airflow/dags/pipeline_orchestration/customer_churn_dag.py                           1           0  0.18s           2025-03-02T16:38:32
================================================================================
[2025-03-02T16:39:16.157+0000] {manager.py:893} INFO - 
================================================================================
DAG File Processing Stats

File Path                                                       PID    Runtime      # DAGs    # Errors  Last Runtime    Last Run
--------------------------------------------------------------  -----  ---------  --------  ----------  --------------  -------------------
/opt/airflow/dags/pipeline_orchestration/customer_churn_dag.py                           1           0  0.17s           2025-03-02T16:39:03
================================================================================
[2025-03-02T16:39:46.538+0000] {manager.py:893} INFO - 
================================================================================
DAG File Processing Stats

File Path                                                       PID    Runtime      # DAGs    # Errors  Last Runtime    Last Run
--------------------------------------------------------------  -----  ---------  --------  ----------  --------------  -------------------
/opt/airflow/dags/pipeline_orchestration/customer_churn_dag.py                           1           0  0.20s           2025-03-02T16:39:33
================================================================================
[2025-03-02T16:40:16.998+0000] {manager.py:893} INFO - 
================================================================================
DAG File Processing Stats

File Path                                                       PID    Runtime      # DAGs    # Errors  Last Runtime    Last Run
--------------------------------------------------------------  -----  ---------  --------  ----------  --------------  -------------------
/opt/airflow/dags/pipeline_orchestration/customer_churn_dag.py                           1           0  0.16s           2025-03-02T16:40:03
================================================================================
[2025-03-02T16:40:47.451+0000] {manager.py:893} INFO - 
================================================================================
DAG File Processing Stats

File Path                                                       PID    Runtime      # DAGs    # Errors  Last Runtime    Last Run
--------------------------------------------------------------  -----  ---------  --------  ----------  --------------  -------------------
/opt/airflow/dags/pipeline_orchestration/customer_churn_dag.py                           1           0  0.17s           2025-03-02T16:40:34
================================================================================
[2025-03-02T16:41:17.857+0000] {manager.py:893} INFO - 
================================================================================
DAG File Processing Stats

File Path                                                       PID    Runtime      # DAGs    # Errors  Last Runtime    Last Run
--------------------------------------------------------------  -----  ---------  --------  ----------  --------------  -------------------
/opt/airflow/dags/pipeline_orchestration/customer_churn_dag.py                           1           0  0.17s           2025-03-02T16:41:04
================================================================================
[2025-03-02T16:41:48.351+0000] {manager.py:893} INFO - 
================================================================================
DAG File Processing Stats

File Path                                                       PID    Runtime      # DAGs    # Errors  Last Runtime    Last Run
--------------------------------------------------------------  -----  ---------  --------  ----------  --------------  -------------------
/opt/airflow/dags/pipeline_orchestration/customer_churn_dag.py                           1           0  0.18s           2025-03-02T16:41:35
================================================================================
[2025-03-02T16:42:18.778+0000] {manager.py:893} INFO - 
================================================================================
DAG File Processing Stats

File Path                                                       PID    Runtime      # DAGs    # Errors  Last Runtime    Last Run
--------------------------------------------------------------  -----  ---------  --------  ----------  --------------  -------------------
/opt/airflow/dags/pipeline_orchestration/customer_churn_dag.py                           1           0  0.17s           2025-03-02T16:42:05
================================================================================
[2025-03-02T16:42:31.939+0000] {manager.py:759} INFO - Searching for files in /opt/airflow/dags
[2025-03-02T16:42:31.946+0000] {manager.py:762} INFO - There are 1 files in /opt/airflow/dags
[2025-03-02T16:42:49.273+0000] {manager.py:893} INFO - 
================================================================================
DAG File Processing Stats

File Path                                                       PID    Runtime      # DAGs    # Errors  Last Runtime    Last Run
--------------------------------------------------------------  -----  ---------  --------  ----------  --------------  -------------------
/opt/airflow/dags/pipeline_orchestration/customer_churn_dag.py                           1           0  0.21s           2025-03-02T16:42:36
================================================================================
[2025-03-02T16:43:19.732+0000] {manager.py:893} INFO - 
================================================================================
DAG File Processing Stats

File Path                                                       PID    Runtime      # DAGs    # Errors  Last Runtime    Last Run
--------------------------------------------------------------  -----  ---------  --------  ----------  --------------  -------------------
/opt/airflow/dags/pipeline_orchestration/customer_churn_dag.py                           1           0  0.18s           2025-03-02T16:43:06
================================================================================
[2025-03-02T16:43:50.219+0000] {manager.py:893} INFO - 
================================================================================
DAG File Processing Stats

File Path                                                       PID    Runtime      # DAGs    # Errors  Last Runtime    Last Run
--------------------------------------------------------------  -----  ---------  --------  ----------  --------------  -------------------
/opt/airflow/dags/pipeline_orchestration/customer_churn_dag.py                           1           0  0.25s           2025-03-02T16:43:37
================================================================================
[2025-03-02T16:44:20.670+0000] {manager.py:893} INFO - 
================================================================================
DAG File Processing Stats

File Path                                                       PID    Runtime      # DAGs    # Errors  Last Runtime    Last Run
--------------------------------------------------------------  -----  ---------  --------  ----------  --------------  -------------------
/opt/airflow/dags/pipeline_orchestration/customer_churn_dag.py                           1           0  0.19s           2025-03-02T16:44:07
================================================================================
[2025-03-02T16:44:51.080+0000] {manager.py:893} INFO - 
================================================================================
DAG File Processing Stats

File Path                                                       PID    Runtime      # DAGs    # Errors  Last Runtime    Last Run
--------------------------------------------------------------  -----  ---------  --------  ----------  --------------  -------------------
/opt/airflow/dags/pipeline_orchestration/customer_churn_dag.py                           1           0  0.22s           2025-03-02T16:44:38
================================================================================
[2025-03-02T16:45:21.536+0000] {manager.py:893} INFO - 
================================================================================
DAG File Processing Stats

File Path                                                       PID    Runtime      # DAGs    # Errors  Last Runtime    Last Run
--------------------------------------------------------------  -----  ---------  --------  ----------  --------------  -------------------
/opt/airflow/dags/pipeline_orchestration/customer_churn_dag.py                           1           0  0.18s           2025-03-02T16:45:08
================================================================================
[2025-03-02T16:45:51.933+0000] {manager.py:893} INFO - 
================================================================================
DAG File Processing Stats

File Path                                                       PID    Runtime      # DAGs    # Errors  Last Runtime    Last Run
--------------------------------------------------------------  -----  ---------  --------  ----------  --------------  -------------------
/opt/airflow/dags/pipeline_orchestration/customer_churn_dag.py                           1           0  0.18s           2025-03-02T16:45:38
================================================================================
[2025-03-02T16:46:22.311+0000] {manager.py:893} INFO - 
================================================================================
DAG File Processing Stats

File Path                                                       PID    Runtime      # DAGs    # Errors  Last Runtime    Last Run
--------------------------------------------------------------  -----  ---------  --------  ----------  --------------  -------------------
/opt/airflow/dags/pipeline_orchestration/customer_churn_dag.py                           1           0  0.19s           2025-03-02T16:46:09
================================================================================
[2025-03-02T16:46:52.772+0000] {manager.py:893} INFO - 
================================================================================
DAG File Processing Stats

File Path                                                       PID    Runtime      # DAGs    # Errors  Last Runtime    Last Run
--------------------------------------------------------------  -----  ---------  --------  ----------  --------------  -------------------
/opt/airflow/dags/pipeline_orchestration/customer_churn_dag.py                           1           0  0.19s           2025-03-02T16:46:39
================================================================================
[2025-03-02T16:47:23.154+0000] {manager.py:893} INFO - 
================================================================================
DAG File Processing Stats

File Path                                                       PID    Runtime      # DAGs    # Errors  Last Runtime    Last Run
--------------------------------------------------------------  -----  ---------  --------  ----------  --------------  -------------------
/opt/airflow/dags/pipeline_orchestration/customer_churn_dag.py                           1           0  0.15s           2025-03-02T16:47:10
================================================================================
[2025-03-02T16:47:32.240+0000] {manager.py:759} INFO - Searching for files in /opt/airflow/dags
[2025-03-02T16:47:32.250+0000] {manager.py:762} INFO - There are 1 files in /opt/airflow/dags
[2025-03-02T16:47:53.585+0000] {manager.py:893} INFO - 
================================================================================
DAG File Processing Stats

File Path                                                       PID    Runtime      # DAGs    # Errors  Last Runtime    Last Run
--------------------------------------------------------------  -----  ---------  --------  ----------  --------------  -------------------
/opt/airflow/dags/pipeline_orchestration/customer_churn_dag.py                           1           0  0.18s           2025-03-02T16:47:40
================================================================================
[2025-03-02T16:48:23.993+0000] {manager.py:893} INFO - 
================================================================================
DAG File Processing Stats

File Path                                                       PID    Runtime      # DAGs    # Errors  Last Runtime    Last Run
--------------------------------------------------------------  -----  ---------  --------  ----------  --------------  -------------------
/opt/airflow/dags/pipeline_orchestration/customer_churn_dag.py                           1           0  0.17s           2025-03-02T16:48:10
================================================================================
[2025-03-02T16:48:54.402+0000] {manager.py:893} INFO - 
================================================================================
DAG File Processing Stats

File Path                                                       PID    Runtime      # DAGs    # Errors  Last Runtime    Last Run
--------------------------------------------------------------  -----  ---------  --------  ----------  --------------  -------------------
/opt/airflow/dags/pipeline_orchestration/customer_churn_dag.py                           1           0  0.16s           2025-03-02T16:48:41
================================================================================
[2025-03-02T16:49:24.836+0000] {manager.py:893} INFO - 
================================================================================
DAG File Processing Stats

File Path                                                       PID    Runtime      # DAGs    # Errors  Last Runtime    Last Run
--------------------------------------------------------------  -----  ---------  --------  ----------  --------------  -------------------
/opt/airflow/dags/pipeline_orchestration/customer_churn_dag.py                           1           0  0.16s           2025-03-02T16:49:11
================================================================================
[2025-03-02T16:49:55.321+0000] {manager.py:893} INFO - 
================================================================================
DAG File Processing Stats

File Path                                                       PID    Runtime      # DAGs    # Errors  Last Runtime    Last Run
--------------------------------------------------------------  -----  ---------  --------  ----------  --------------  -------------------
/opt/airflow/dags/pipeline_orchestration/customer_churn_dag.py                           1           0  0.22s           2025-03-02T16:49:42
================================================================================
[2025-03-02T16:50:25.812+0000] {manager.py:893} INFO - 
================================================================================
DAG File Processing Stats

File Path                                                       PID    Runtime      # DAGs    # Errors  Last Runtime    Last Run
--------------------------------------------------------------  -----  ---------  --------  ----------  --------------  -------------------
/opt/airflow/dags/pipeline_orchestration/customer_churn_dag.py                           1           0  0.25s           2025-03-02T16:50:12
================================================================================
[2025-03-02T16:50:56.232+0000] {manager.py:893} INFO - 
================================================================================
DAG File Processing Stats

File Path                                                       PID    Runtime      # DAGs    # Errors  Last Runtime    Last Run
--------------------------------------------------------------  -----  ---------  --------  ----------  --------------  -------------------
/opt/airflow/dags/pipeline_orchestration/customer_churn_dag.py                           1           0  0.17s           2025-03-02T16:50:43
================================================================================
[2025-03-02T16:51:26.632+0000] {manager.py:893} INFO - 
================================================================================
DAG File Processing Stats

File Path                                                       PID    Runtime      # DAGs    # Errors  Last Runtime    Last Run
--------------------------------------------------------------  -----  ---------  --------  ----------  --------------  -------------------
/opt/airflow/dags/pipeline_orchestration/customer_churn_dag.py                           1           0  0.17s           2025-03-02T16:51:13
================================================================================
[2025-03-02T16:51:57.183+0000] {manager.py:893} INFO - 
================================================================================
DAG File Processing Stats

File Path                                                       PID    Runtime      # DAGs    # Errors  Last Runtime    Last Run
--------------------------------------------------------------  -----  ---------  --------  ----------  --------------  -------------------
/opt/airflow/dags/pipeline_orchestration/customer_churn_dag.py                           1           0  0.21s           2025-03-02T16:51:44
================================================================================
[2025-03-02T16:52:27.621+0000] {manager.py:893} INFO - 
================================================================================
DAG File Processing Stats

File Path                                                       PID    Runtime      # DAGs    # Errors  Last Runtime    Last Run
--------------------------------------------------------------  -----  ---------  --------  ----------  --------------  -------------------
/opt/airflow/dags/pipeline_orchestration/customer_churn_dag.py                           1           0  0.17s           2025-03-02T16:52:14
================================================================================
[2025-03-02T16:52:32.708+0000] {manager.py:759} INFO - Searching for files in /opt/airflow/dags
[2025-03-02T16:52:32.724+0000] {manager.py:762} INFO - There are 1 files in /opt/airflow/dags
[2025-03-02T16:52:58.110+0000] {manager.py:893} INFO - 
================================================================================
DAG File Processing Stats

File Path                                                       PID    Runtime      # DAGs    # Errors  Last Runtime    Last Run
--------------------------------------------------------------  -----  ---------  --------  ----------  --------------  -------------------
/opt/airflow/dags/pipeline_orchestration/customer_churn_dag.py                           1           0  0.21s           2025-03-02T16:52:45
================================================================================
[2025-03-02T16:53:28.518+0000] {manager.py:893} INFO - 
================================================================================
DAG File Processing Stats

File Path                                                       PID    Runtime      # DAGs    # Errors  Last Runtime    Last Run
--------------------------------------------------------------  -----  ---------  --------  ----------  --------------  -------------------
/opt/airflow/dags/pipeline_orchestration/customer_churn_dag.py                           1           0  0.14s           2025-03-02T16:53:15
================================================================================
[2025-03-02T16:53:58.984+0000] {manager.py:893} INFO - 
================================================================================
DAG File Processing Stats

File Path                                                       PID    Runtime      # DAGs    # Errors  Last Runtime    Last Run
--------------------------------------------------------------  -----  ---------  --------  ----------  --------------  -------------------
/opt/airflow/dags/pipeline_orchestration/customer_churn_dag.py                           1           0  0.18s           2025-03-02T16:53:45
================================================================================
[2025-03-02T16:54:29.375+0000] {manager.py:893} INFO - 
================================================================================
DAG File Processing Stats

File Path                                                       PID    Runtime      # DAGs    # Errors  Last Runtime    Last Run
--------------------------------------------------------------  -----  ---------  --------  ----------  --------------  -------------------
/opt/airflow/dags/pipeline_orchestration/customer_churn_dag.py                           1           0  0.15s           2025-03-02T16:54:16
================================================================================
[2025-03-02T16:54:59.769+0000] {manager.py:893} INFO - 
================================================================================
DAG File Processing Stats

File Path                                                       PID    Runtime      # DAGs    # Errors  Last Runtime    Last Run
--------------------------------------------------------------  -----  ---------  --------  ----------  --------------  -------------------
/opt/airflow/dags/pipeline_orchestration/customer_churn_dag.py                           1           0  0.16s           2025-03-02T16:54:46
================================================================================
[2025-03-02T16:55:30.165+0000] {manager.py:893} INFO - 
================================================================================
DAG File Processing Stats

File Path                                                       PID    Runtime      # DAGs    # Errors  Last Runtime    Last Run
--------------------------------------------------------------  -----  ---------  --------  ----------  --------------  -------------------
/opt/airflow/dags/pipeline_orchestration/customer_churn_dag.py                           1           0  0.17s           2025-03-02T16:55:17
================================================================================
[2025-03-02T16:56:00.595+0000] {manager.py:893} INFO - 
================================================================================
DAG File Processing Stats

File Path                                                       PID    Runtime      # DAGs    # Errors  Last Runtime    Last Run
--------------------------------------------------------------  -----  ---------  --------  ----------  --------------  -------------------
/opt/airflow/dags/pipeline_orchestration/customer_churn_dag.py                           1           0  0.16s           2025-03-02T16:55:47
================================================================================
[2025-03-02T16:56:31.042+0000] {manager.py:893} INFO - 
================================================================================
DAG File Processing Stats

File Path                                                       PID    Runtime      # DAGs    # Errors  Last Runtime    Last Run
--------------------------------------------------------------  -----  ---------  --------  ----------  --------------  -------------------
/opt/airflow/dags/pipeline_orchestration/customer_churn_dag.py                           1           0  0.16s           2025-03-02T16:56:17
================================================================================
[2025-03-02T16:57:01.488+0000] {manager.py:893} INFO - 
================================================================================
DAG File Processing Stats

File Path                                                       PID    Runtime      # DAGs    # Errors  Last Runtime    Last Run
--------------------------------------------------------------  -----  ---------  --------  ----------  --------------  -------------------
/opt/airflow/dags/pipeline_orchestration/customer_churn_dag.py                           1           0  0.15s           2025-03-02T16:56:48
================================================================================
[2025-03-02T16:57:31.900+0000] {manager.py:893} INFO - 
================================================================================
DAG File Processing Stats

File Path                                                       PID    Runtime      # DAGs    # Errors  Last Runtime    Last Run
--------------------------------------------------------------  -----  ---------  --------  ----------  --------------  -------------------
/opt/airflow/dags/pipeline_orchestration/customer_churn_dag.py                           1           0  0.15s           2025-03-02T16:57:18
================================================================================
[2025-03-02T16:57:32.914+0000] {manager.py:759} INFO - Searching for files in /opt/airflow/dags
[2025-03-02T16:57:32.933+0000] {manager.py:762} INFO - There are 1 files in /opt/airflow/dags
[2025-03-02T16:58:02.311+0000] {manager.py:893} INFO - 
================================================================================
DAG File Processing Stats

File Path                                                       PID    Runtime      # DAGs    # Errors  Last Runtime    Last Run
--------------------------------------------------------------  -----  ---------  --------  ----------  --------------  -------------------
/opt/airflow/dags/pipeline_orchestration/customer_churn_dag.py                           1           0  0.14s           2025-03-02T16:57:49
================================================================================
[2025-03-02T16:58:32.745+0000] {manager.py:893} INFO - 
================================================================================
DAG File Processing Stats

File Path                                                       PID    Runtime      # DAGs    # Errors  Last Runtime    Last Run
--------------------------------------------------------------  -----  ---------  --------  ----------  --------------  -------------------
/opt/airflow/dags/pipeline_orchestration/customer_churn_dag.py                           1           0  0.16s           2025-03-02T16:58:19
================================================================================
[2025-03-02T16:59:03.170+0000] {manager.py:893} INFO - 
================================================================================
DAG File Processing Stats

File Path                                                       PID    Runtime      # DAGs    # Errors  Last Runtime    Last Run
--------------------------------------------------------------  -----  ---------  --------  ----------  --------------  -------------------
/opt/airflow/dags/pipeline_orchestration/customer_churn_dag.py                           1           0  0.14s           2025-03-02T16:58:50
================================================================================
[2025-03-02T16:59:33.548+0000] {manager.py:893} INFO - 
================================================================================
DAG File Processing Stats

File Path                                                       PID    Runtime      # DAGs    # Errors  Last Runtime    Last Run
--------------------------------------------------------------  -----  ---------  --------  ----------  --------------  -------------------
/opt/airflow/dags/pipeline_orchestration/customer_churn_dag.py                           1           0  0.19s           2025-03-02T16:59:20
================================================================================
[2025-03-02T17:00:03.983+0000] {manager.py:893} INFO - 
================================================================================
DAG File Processing Stats

File Path                                                       PID    Runtime      # DAGs    # Errors  Last Runtime    Last Run
--------------------------------------------------------------  -----  ---------  --------  ----------  --------------  -------------------
/opt/airflow/dags/pipeline_orchestration/customer_churn_dag.py                           1           0  0.14s           2025-03-02T16:59:50
================================================================================
[2025-03-02T17:00:34.424+0000] {manager.py:893} INFO - 
================================================================================
DAG File Processing Stats

File Path                                                       PID    Runtime      # DAGs    # Errors  Last Runtime    Last Run
--------------------------------------------------------------  -----  ---------  --------  ----------  --------------  -------------------
/opt/airflow/dags/pipeline_orchestration/customer_churn_dag.py                           1           0  0.17s           2025-03-02T17:00:21
================================================================================
[2025-03-02T17:01:04.830+0000] {manager.py:893} INFO - 
================================================================================
DAG File Processing Stats

File Path                                                       PID    Runtime      # DAGs    # Errors  Last Runtime    Last Run
--------------------------------------------------------------  -----  ---------  --------  ----------  --------------  -------------------
/opt/airflow/dags/pipeline_orchestration/customer_churn_dag.py                           1           0  0.15s           2025-03-02T17:00:51
================================================================================
[2025-03-02T17:01:35.282+0000] {manager.py:893} INFO - 
================================================================================
DAG File Processing Stats

File Path                                                       PID    Runtime      # DAGs    # Errors  Last Runtime    Last Run
--------------------------------------------------------------  -----  ---------  --------  ----------  --------------  -------------------
/opt/airflow/dags/pipeline_orchestration/customer_churn_dag.py                           1           0  0.18s           2025-03-02T17:01:22
================================================================================
[2025-03-02T17:02:05.685+0000] {manager.py:893} INFO - 
================================================================================
DAG File Processing Stats

File Path                                                       PID    Runtime      # DAGs    # Errors  Last Runtime    Last Run
--------------------------------------------------------------  -----  ---------  --------  ----------  --------------  -------------------
/opt/airflow/dags/pipeline_orchestration/customer_churn_dag.py                           1           0  0.13s           2025-03-02T17:01:52
================================================================================
[2025-03-02T17:02:33.127+0000] {manager.py:759} INFO - Searching for files in /opt/airflow/dags
[2025-03-02T17:02:33.154+0000] {manager.py:762} INFO - There are 1 files in /opt/airflow/dags
[2025-03-02T17:02:36.243+0000] {manager.py:893} INFO - 
================================================================================
DAG File Processing Stats

File Path                                                       PID    Runtime      # DAGs    # Errors  Last Runtime    Last Run
--------------------------------------------------------------  -----  ---------  --------  ----------  --------------  -------------------
/opt/airflow/dags/pipeline_orchestration/customer_churn_dag.py                           1           0  0.18s           2025-03-02T17:02:23
================================================================================
[2025-03-02T17:03:06.654+0000] {manager.py:893} INFO - 
================================================================================
DAG File Processing Stats

File Path                                                       PID    Runtime      # DAGs    # Errors  Last Runtime    Last Run
--------------------------------------------------------------  -----  ---------  --------  ----------  --------------  -------------------
/opt/airflow/dags/pipeline_orchestration/customer_churn_dag.py                           1           0  0.15s           2025-03-02T17:02:53
================================================================================
[2025-03-02T17:03:37.041+0000] {manager.py:893} INFO - 
================================================================================
DAG File Processing Stats

File Path                                                       PID    Runtime      # DAGs    # Errors  Last Runtime    Last Run
--------------------------------------------------------------  -----  ---------  --------  ----------  --------------  -------------------
/opt/airflow/dags/pipeline_orchestration/customer_churn_dag.py                           1           0  0.19s           2025-03-02T17:03:24
================================================================================
[2025-03-02T17:04:07.371+0000] {manager.py:893} INFO - 
================================================================================
DAG File Processing Stats

File Path                                                       PID    Runtime      # DAGs    # Errors  Last Runtime    Last Run
--------------------------------------------------------------  -----  ---------  --------  ----------  --------------  -------------------
/opt/airflow/dags/pipeline_orchestration/customer_churn_dag.py                           1           0  0.10s           2025-03-02T17:03:54
================================================================================
[2025-03-02T17:04:37.767+0000] {manager.py:893} INFO - 
================================================================================
DAG File Processing Stats

File Path                                                       PID    Runtime      # DAGs    # Errors  Last Runtime    Last Run
--------------------------------------------------------------  -----  ---------  --------  ----------  --------------  -------------------
/opt/airflow/dags/pipeline_orchestration/customer_churn_dag.py                           1           0  0.15s           2025-03-02T17:04:24
================================================================================
[2025-03-02T17:05:08.176+0000] {manager.py:893} INFO - 
================================================================================
DAG File Processing Stats

File Path                                                       PID    Runtime      # DAGs    # Errors  Last Runtime    Last Run
--------------------------------------------------------------  -----  ---------  --------  ----------  --------------  -------------------
/opt/airflow/dags/pipeline_orchestration/customer_churn_dag.py                           1           0  0.14s           2025-03-02T17:04:55
================================================================================
[2025-03-02T17:05:38.605+0000] {manager.py:893} INFO - 
================================================================================
DAG File Processing Stats

File Path                                                       PID    Runtime      # DAGs    # Errors  Last Runtime    Last Run
--------------------------------------------------------------  -----  ---------  --------  ----------  --------------  -------------------
/opt/airflow/dags/pipeline_orchestration/customer_churn_dag.py                           1           0  0.21s           2025-03-02T17:05:25
================================================================================
[2025-03-02T17:06:09.037+0000] {manager.py:893} INFO - 
================================================================================
DAG File Processing Stats

File Path                                                       PID    Runtime      # DAGs    # Errors  Last Runtime    Last Run
--------------------------------------------------------------  -----  ---------  --------  ----------  --------------  -------------------
/opt/airflow/dags/pipeline_orchestration/customer_churn_dag.py                           1           0  0.14s           2025-03-02T17:05:55
================================================================================
[2025-03-02T17:06:39.483+0000] {manager.py:893} INFO - 
================================================================================
DAG File Processing Stats

File Path                                                       PID    Runtime      # DAGs    # Errors  Last Runtime    Last Run
--------------------------------------------------------------  -----  ---------  --------  ----------  --------------  -------------------
/opt/airflow/dags/pipeline_orchestration/customer_churn_dag.py                           1           0  0.17s           2025-03-02T17:06:26
================================================================================
[2025-03-02T17:07:09.920+0000] {manager.py:893} INFO - 
================================================================================
DAG File Processing Stats

File Path                                                       PID    Runtime      # DAGs    # Errors  Last Runtime    Last Run
--------------------------------------------------------------  -----  ---------  --------  ----------  --------------  -------------------
/opt/airflow/dags/pipeline_orchestration/customer_churn_dag.py                           1           0  0.13s           2025-03-02T17:06:56
================================================================================
[2025-03-02T17:07:33.253+0000] {manager.py:759} INFO - Searching for files in /opt/airflow/dags
[2025-03-02T17:07:33.267+0000] {manager.py:762} INFO - There are 1 files in /opt/airflow/dags
[2025-03-02T17:07:40.363+0000] {manager.py:893} INFO - 
================================================================================
DAG File Processing Stats

File Path                                                       PID    Runtime      # DAGs    # Errors  Last Runtime    Last Run
--------------------------------------------------------------  -----  ---------  --------  ----------  --------------  -------------------
/opt/airflow/dags/pipeline_orchestration/customer_churn_dag.py                           1           0  0.17s           2025-03-02T17:07:27
================================================================================
[2025-03-02T17:08:10.763+0000] {manager.py:893} INFO - 
================================================================================
DAG File Processing Stats

File Path                                                       PID    Runtime      # DAGs    # Errors  Last Runtime    Last Run
--------------------------------------------------------------  -----  ---------  --------  ----------  --------------  -------------------
/opt/airflow/dags/pipeline_orchestration/customer_churn_dag.py                           1           0  0.14s           2025-03-02T17:07:57
================================================================================
[2025-03-02T17:08:41.229+0000] {manager.py:893} INFO - 
================================================================================
DAG File Processing Stats

File Path                                                       PID    Runtime      # DAGs    # Errors  Last Runtime    Last Run
--------------------------------------------------------------  -----  ---------  --------  ----------  --------------  -------------------
/opt/airflow/dags/pipeline_orchestration/customer_churn_dag.py                           1           0  0.17s           2025-03-02T17:08:28
================================================================================
[2025-03-02T17:09:11.830+0000] {manager.py:893} INFO - 
================================================================================
DAG File Processing Stats

File Path                                                       PID    Runtime      # DAGs    # Errors  Last Runtime    Last Run
--------------------------------------------------------------  -----  ---------  --------  ----------  --------------  -------------------
/opt/airflow/dags/pipeline_orchestration/customer_churn_dag.py                           1           0  0.15s           2025-03-02T17:08:58
================================================================================
[2025-03-02T17:09:42.394+0000] {manager.py:893} INFO - 
================================================================================
DAG File Processing Stats

File Path                                                       PID    Runtime      # DAGs    # Errors  Last Runtime    Last Run
--------------------------------------------------------------  -----  ---------  --------  ----------  --------------  -------------------
/opt/airflow/dags/pipeline_orchestration/customer_churn_dag.py                           1           0  0.16s           2025-03-02T17:09:29
================================================================================
[2025-03-02T17:10:12.842+0000] {manager.py:893} INFO - 
================================================================================
DAG File Processing Stats

File Path                                                       PID    Runtime      # DAGs    # Errors  Last Runtime    Last Run
--------------------------------------------------------------  -----  ---------  --------  ----------  --------------  -------------------
/opt/airflow/dags/pipeline_orchestration/customer_churn_dag.py                           1           0  0.17s           2025-03-02T17:09:59
================================================================================
[2025-03-02T17:10:43.291+0000] {manager.py:893} INFO - 
================================================================================
DAG File Processing Stats

File Path                                                       PID    Runtime      # DAGs    # Errors  Last Runtime    Last Run
--------------------------------------------------------------  -----  ---------  --------  ----------  --------------  -------------------
/opt/airflow/dags/pipeline_orchestration/customer_churn_dag.py                           1           0  0.17s           2025-03-02T17:10:30
================================================================================
[2025-03-02T17:11:13.739+0000] {manager.py:893} INFO - 
================================================================================
DAG File Processing Stats

File Path                                                       PID    Runtime      # DAGs    # Errors  Last Runtime    Last Run
--------------------------------------------------------------  -----  ---------  --------  ----------  --------------  -------------------
/opt/airflow/dags/pipeline_orchestration/customer_churn_dag.py                           1           0  0.14s           2025-03-02T17:11:00
================================================================================
[2025-03-02T17:11:44.139+0000] {manager.py:893} INFO - 
================================================================================
DAG File Processing Stats

File Path                                                       PID    Runtime      # DAGs    # Errors  Last Runtime    Last Run
--------------------------------------------------------------  -----  ---------  --------  ----------  --------------  -------------------
/opt/airflow/dags/pipeline_orchestration/customer_churn_dag.py                           1           0  0.14s           2025-03-02T17:11:31
================================================================================
[2025-03-02T17:12:14.480+0000] {manager.py:893} INFO - 
================================================================================
DAG File Processing Stats

File Path                                                       PID    Runtime      # DAGs    # Errors  Last Runtime    Last Run
--------------------------------------------------------------  -----  ---------  --------  ----------  --------------  -------------------
/opt/airflow/dags/pipeline_orchestration/customer_churn_dag.py                           1           0  0.16s           2025-03-02T17:12:01
================================================================================
[2025-03-02T17:12:33.785+0000] {manager.py:759} INFO - Searching for files in /opt/airflow/dags
[2025-03-02T17:12:33.798+0000] {manager.py:762} INFO - There are 1 files in /opt/airflow/dags
[2025-03-02T17:12:44.955+0000] {manager.py:893} INFO - 
================================================================================
DAG File Processing Stats

File Path                                                       PID    Runtime      # DAGs    # Errors  Last Runtime    Last Run
--------------------------------------------------------------  -----  ---------  --------  ----------  --------------  -------------------
/opt/airflow/dags/pipeline_orchestration/customer_churn_dag.py                           1           0  0.21s           2025-03-02T17:12:31
================================================================================
[2025-03-02T17:13:15.448+0000] {manager.py:893} INFO - 
================================================================================
DAG File Processing Stats

File Path                                                       PID    Runtime      # DAGs    # Errors  Last Runtime    Last Run
--------------------------------------------------------------  -----  ---------  --------  ----------  --------------  -------------------
/opt/airflow/dags/pipeline_orchestration/customer_churn_dag.py                           1           0  0.18s           2025-03-02T17:13:02
================================================================================
[2025-03-02T17:13:45.874+0000] {manager.py:893} INFO - 
================================================================================
DAG File Processing Stats

File Path                                                       PID    Runtime      # DAGs    # Errors  Last Runtime    Last Run
--------------------------------------------------------------  -----  ---------  --------  ----------  --------------  -------------------
/opt/airflow/dags/pipeline_orchestration/customer_churn_dag.py                           1           0  0.17s           2025-03-02T17:13:32
================================================================================
[2025-03-02T17:14:16.299+0000] {manager.py:893} INFO - 
================================================================================
DAG File Processing Stats

File Path                                                       PID    Runtime      # DAGs    # Errors  Last Runtime    Last Run
--------------------------------------------------------------  -----  ---------  --------  ----------  --------------  -------------------
/opt/airflow/dags/pipeline_orchestration/customer_churn_dag.py                           1           0  0.15s           2025-03-02T17:14:03
================================================================================
[2025-03-02T17:14:46.720+0000] {manager.py:893} INFO - 
================================================================================
DAG File Processing Stats

File Path                                                       PID    Runtime      # DAGs    # Errors  Last Runtime    Last Run
--------------------------------------------------------------  -----  ---------  --------  ----------  --------------  -------------------
/opt/airflow/dags/pipeline_orchestration/customer_churn_dag.py                           1           0  0.16s           2025-03-02T17:14:33
================================================================================
[2025-03-02T17:15:17.118+0000] {manager.py:893} INFO - 
================================================================================
DAG File Processing Stats

File Path                                                       PID    Runtime      # DAGs    # Errors  Last Runtime    Last Run
--------------------------------------------------------------  -----  ---------  --------  ----------  --------------  -------------------
/opt/airflow/dags/pipeline_orchestration/customer_churn_dag.py                           1           0  0.13s           2025-03-02T17:15:04
================================================================================
[2025-03-02T17:15:47.538+0000] {manager.py:893} INFO - 
================================================================================
DAG File Processing Stats

File Path                                                       PID    Runtime      # DAGs    # Errors  Last Runtime    Last Run
--------------------------------------------------------------  -----  ---------  --------  ----------  --------------  -------------------
/opt/airflow/dags/pipeline_orchestration/customer_churn_dag.py                           1           0  0.17s           2025-03-02T17:15:34
================================================================================
[2025-03-02T17:16:17.972+0000] {manager.py:893} INFO - 
================================================================================
DAG File Processing Stats

File Path                                                       PID    Runtime      # DAGs    # Errors  Last Runtime    Last Run
--------------------------------------------------------------  -----  ---------  --------  ----------  --------------  -------------------
/opt/airflow/dags/pipeline_orchestration/customer_churn_dag.py                           1           0  0.16s           2025-03-02T17:16:04
================================================================================
[2025-03-02T17:16:48.382+0000] {manager.py:893} INFO - 
================================================================================
DAG File Processing Stats

File Path                                                       PID    Runtime      # DAGs    # Errors  Last Runtime    Last Run
--------------------------------------------------------------  -----  ---------  --------  ----------  --------------  -------------------
/opt/airflow/dags/pipeline_orchestration/customer_churn_dag.py                           1           0  0.17s           2025-03-02T17:16:35
================================================================================
[2025-03-02T17:17:18.865+0000] {manager.py:893} INFO - 
================================================================================
DAG File Processing Stats

File Path                                                       PID    Runtime      # DAGs    # Errors  Last Runtime    Last Run
--------------------------------------------------------------  -----  ---------  --------  ----------  --------------  -------------------
/opt/airflow/dags/pipeline_orchestration/customer_churn_dag.py                           1           0  0.17s           2025-03-02T17:17:05
================================================================================
[2025-03-02T17:17:34.038+0000] {manager.py:759} INFO - Searching for files in /opt/airflow/dags
[2025-03-02T17:17:34.048+0000] {manager.py:762} INFO - There are 1 files in /opt/airflow/dags
[2025-03-02T17:17:49.287+0000] {manager.py:893} INFO - 
================================================================================
DAG File Processing Stats

File Path                                                       PID    Runtime      # DAGs    # Errors  Last Runtime    Last Run
--------------------------------------------------------------  -----  ---------  --------  ----------  --------------  -------------------
/opt/airflow/dags/pipeline_orchestration/customer_churn_dag.py                           1           0  0.16s           2025-03-02T17:17:36
================================================================================
[2025-03-02T17:18:19.773+0000] {manager.py:893} INFO - 
================================================================================
DAG File Processing Stats

File Path                                                       PID    Runtime      # DAGs    # Errors  Last Runtime    Last Run
--------------------------------------------------------------  -----  ---------  --------  ----------  --------------  -------------------
/opt/airflow/dags/pipeline_orchestration/customer_churn_dag.py                           1           0  0.19s           2025-03-02T17:18:06
================================================================================
[2025-03-02T17:18:50.240+0000] {manager.py:893} INFO - 
================================================================================
DAG File Processing Stats

File Path                                                       PID    Runtime      # DAGs    # Errors  Last Runtime    Last Run
--------------------------------------------------------------  -----  ---------  --------  ----------  --------------  -------------------
/opt/airflow/dags/pipeline_orchestration/customer_churn_dag.py                           1           0  0.19s           2025-03-02T17:18:37
================================================================================
[2025-03-02T17:19:20.660+0000] {manager.py:893} INFO - 
================================================================================
DAG File Processing Stats

File Path                                                       PID    Runtime      # DAGs    # Errors  Last Runtime    Last Run
--------------------------------------------------------------  -----  ---------  --------  ----------  --------------  -------------------
/opt/airflow/dags/pipeline_orchestration/customer_churn_dag.py                           1           0  0.15s           2025-03-02T17:19:07
================================================================================
[2025-03-02T17:19:51.089+0000] {manager.py:893} INFO - 
================================================================================
DAG File Processing Stats

File Path                                                       PID    Runtime      # DAGs    # Errors  Last Runtime    Last Run
--------------------------------------------------------------  -----  ---------  --------  ----------  --------------  -------------------
/opt/airflow/dags/pipeline_orchestration/customer_churn_dag.py                           1           0  0.17s           2025-03-02T17:19:38
================================================================================
[2025-03-02T17:20:21.487+0000] {manager.py:893} INFO - 
================================================================================
DAG File Processing Stats

File Path                                                       PID    Runtime      # DAGs    # Errors  Last Runtime    Last Run
--------------------------------------------------------------  -----  ---------  --------  ----------  --------------  -------------------
/opt/airflow/dags/pipeline_orchestration/customer_churn_dag.py                           1           0  0.15s           2025-03-02T17:20:08
================================================================================
[2025-03-02T17:20:51.900+0000] {manager.py:893} INFO - 
================================================================================
DAG File Processing Stats

File Path                                                       PID    Runtime      # DAGs    # Errors  Last Runtime    Last Run
--------------------------------------------------------------  -----  ---------  --------  ----------  --------------  -------------------
/opt/airflow/dags/pipeline_orchestration/customer_churn_dag.py                           1           0  0.16s           2025-03-02T17:20:38
================================================================================
[2025-03-02T17:21:22.384+0000] {manager.py:893} INFO - 
================================================================================
DAG File Processing Stats

File Path                                                       PID    Runtime      # DAGs    # Errors  Last Runtime    Last Run
--------------------------------------------------------------  -----  ---------  --------  ----------  --------------  -------------------
/opt/airflow/dags/pipeline_orchestration/customer_churn_dag.py                           1           0  0.17s           2025-03-02T17:21:09
================================================================================
[2025-03-02T17:21:52.868+0000] {manager.py:893} INFO - 
================================================================================
DAG File Processing Stats

File Path                                                       PID    Runtime      # DAGs    # Errors  Last Runtime    Last Run
--------------------------------------------------------------  -----  ---------  --------  ----------  --------------  -------------------
/opt/airflow/dags/pipeline_orchestration/customer_churn_dag.py                           1           0  0.16s           2025-03-02T17:21:39
================================================================================
[2025-03-02T17:22:23.295+0000] {manager.py:893} INFO - 
================================================================================
DAG File Processing Stats

File Path                                                       PID    Runtime      # DAGs    # Errors  Last Runtime    Last Run
--------------------------------------------------------------  -----  ---------  --------  ----------  --------------  -------------------
/opt/airflow/dags/pipeline_orchestration/customer_churn_dag.py                           1           0  0.13s           2025-03-02T17:22:10
================================================================================
[2025-03-02T17:22:34.433+0000] {manager.py:759} INFO - Searching for files in /opt/airflow/dags
[2025-03-02T17:22:34.446+0000] {manager.py:762} INFO - There are 1 files in /opt/airflow/dags
[2025-03-02T17:22:53.766+0000] {manager.py:893} INFO - 
================================================================================
DAG File Processing Stats

File Path                                                       PID    Runtime      # DAGs    # Errors  Last Runtime    Last Run
--------------------------------------------------------------  -----  ---------  --------  ----------  --------------  -------------------
/opt/airflow/dags/pipeline_orchestration/customer_churn_dag.py                           1           0  0.15s           2025-03-02T17:22:40
================================================================================
[2025-03-02T17:23:24.195+0000] {manager.py:893} INFO - 
================================================================================
DAG File Processing Stats

File Path                                                       PID    Runtime      # DAGs    # Errors  Last Runtime    Last Run
--------------------------------------------------------------  -----  ---------  --------  ----------  --------------  -------------------
/opt/airflow/dags/pipeline_orchestration/customer_churn_dag.py                           1           0  0.17s           2025-03-02T17:23:11
================================================================================
[2025-03-02T17:23:54.685+0000] {manager.py:893} INFO - 
================================================================================
DAG File Processing Stats

File Path                                                       PID    Runtime      # DAGs    # Errors  Last Runtime    Last Run
--------------------------------------------------------------  -----  ---------  --------  ----------  --------------  -------------------
/opt/airflow/dags/pipeline_orchestration/customer_churn_dag.py                           1           0  0.20s           2025-03-02T17:23:41
================================================================================
[2025-03-02T17:24:25.154+0000] {manager.py:893} INFO - 
================================================================================
DAG File Processing Stats

File Path                                                       PID    Runtime      # DAGs    # Errors  Last Runtime    Last Run
--------------------------------------------------------------  -----  ---------  --------  ----------  --------------  -------------------
/opt/airflow/dags/pipeline_orchestration/customer_churn_dag.py                           1           0  0.17s           2025-03-02T17:24:12
================================================================================
[2025-03-02T17:24:55.632+0000] {manager.py:893} INFO - 
================================================================================
DAG File Processing Stats

File Path                                                       PID    Runtime      # DAGs    # Errors  Last Runtime    Last Run
--------------------------------------------------------------  -----  ---------  --------  ----------  --------------  -------------------
/opt/airflow/dags/pipeline_orchestration/customer_churn_dag.py                           1           0  0.19s           2025-03-02T17:24:42
================================================================================
[2025-03-02T17:25:26.103+0000] {manager.py:893} INFO - 
================================================================================
DAG File Processing Stats

File Path                                                       PID    Runtime      # DAGs    # Errors  Last Runtime    Last Run
--------------------------------------------------------------  -----  ---------  --------  ----------  --------------  -------------------
/opt/airflow/dags/pipeline_orchestration/customer_churn_dag.py                           1           0  0.17s           2025-03-02T17:25:13
================================================================================
[2025-03-02T17:25:56.586+0000] {manager.py:893} INFO - 
================================================================================
DAG File Processing Stats

File Path                                                       PID    Runtime      # DAGs    # Errors  Last Runtime    Last Run
--------------------------------------------------------------  -----  ---------  --------  ----------  --------------  -------------------
/opt/airflow/dags/pipeline_orchestration/customer_churn_dag.py                           1           0  0.20s           2025-03-02T17:25:43
================================================================================
[2025-03-02T17:26:26.992+0000] {manager.py:893} INFO - 
================================================================================
DAG File Processing Stats

File Path                                                       PID    Runtime      # DAGs    # Errors  Last Runtime    Last Run
--------------------------------------------------------------  -----  ---------  --------  ----------  --------------  -------------------
/opt/airflow/dags/pipeline_orchestration/customer_churn_dag.py                           1           0  0.17s           2025-03-02T17:26:13
================================================================================
[2025-03-02T17:26:57.402+0000] {manager.py:893} INFO - 
================================================================================
DAG File Processing Stats

File Path                                                       PID    Runtime      # DAGs    # Errors  Last Runtime    Last Run
--------------------------------------------------------------  -----  ---------  --------  ----------  --------------  -------------------
/opt/airflow/dags/pipeline_orchestration/customer_churn_dag.py                           1           0  0.17s           2025-03-02T17:26:44
================================================================================
[2025-03-02T17:27:27.865+0000] {manager.py:893} INFO - 
================================================================================
DAG File Processing Stats

File Path                                                       PID    Runtime      # DAGs    # Errors  Last Runtime    Last Run
--------------------------------------------------------------  -----  ---------  --------  ----------  --------------  -------------------
/opt/airflow/dags/pipeline_orchestration/customer_churn_dag.py                           1           0  0.33s           2025-03-02T17:27:14
================================================================================
[2025-03-02T17:27:34.926+0000] {manager.py:759} INFO - Searching for files in /opt/airflow/dags
[2025-03-02T17:27:34.932+0000] {manager.py:762} INFO - There are 1 files in /opt/airflow/dags
[2025-03-02T17:27:58.387+0000] {manager.py:893} INFO - 
================================================================================
DAG File Processing Stats

File Path                                                       PID    Runtime      # DAGs    # Errors  Last Runtime    Last Run
--------------------------------------------------------------  -----  ---------  --------  ----------  --------------  -------------------
/opt/airflow/dags/pipeline_orchestration/customer_churn_dag.py                           1           0  0.19s           2025-03-02T17:27:45
================================================================================
[2025-03-02T17:28:28.840+0000] {manager.py:893} INFO - 
================================================================================
DAG File Processing Stats

File Path                                                       PID    Runtime      # DAGs    # Errors  Last Runtime    Last Run
--------------------------------------------------------------  -----  ---------  --------  ----------  --------------  -------------------
/opt/airflow/dags/pipeline_orchestration/customer_churn_dag.py                           1           0  0.17s           2025-03-02T17:28:15
================================================================================
[2025-03-02T17:28:59.306+0000] {manager.py:893} INFO - 
================================================================================
DAG File Processing Stats

File Path                                                       PID    Runtime      # DAGs    # Errors  Last Runtime    Last Run
--------------------------------------------------------------  -----  ---------  --------  ----------  --------------  -------------------
/opt/airflow/dags/pipeline_orchestration/customer_churn_dag.py                           1           0  0.18s           2025-03-02T17:28:46
================================================================================
[2025-03-02T17:29:29.739+0000] {manager.py:893} INFO - 
================================================================================
DAG File Processing Stats

File Path                                                       PID    Runtime      # DAGs    # Errors  Last Runtime    Last Run
--------------------------------------------------------------  -----  ---------  --------  ----------  --------------  -------------------
/opt/airflow/dags/pipeline_orchestration/customer_churn_dag.py                           1           0  0.15s           2025-03-02T17:29:16
================================================================================
[2025-03-02T17:30:00.132+0000] {manager.py:893} INFO - 
================================================================================
DAG File Processing Stats

File Path                                                       PID    Runtime      # DAGs    # Errors  Last Runtime    Last Run
--------------------------------------------------------------  -----  ---------  --------  ----------  --------------  -------------------
/opt/airflow/dags/pipeline_orchestration/customer_churn_dag.py                           1           0  0.20s           2025-03-02T17:29:47
================================================================================
[2025-03-02T17:30:30.598+0000] {manager.py:893} INFO - 
================================================================================
DAG File Processing Stats

File Path                                                       PID    Runtime      # DAGs    # Errors  Last Runtime    Last Run
--------------------------------------------------------------  -----  ---------  --------  ----------  --------------  -------------------
/opt/airflow/dags/pipeline_orchestration/customer_churn_dag.py                           1           0  0.17s           2025-03-02T17:30:17
================================================================================
[2025-03-02T17:31:01.081+0000] {manager.py:893} INFO - 
================================================================================
DAG File Processing Stats

File Path                                                       PID    Runtime      # DAGs    # Errors  Last Runtime    Last Run
--------------------------------------------------------------  -----  ---------  --------  ----------  --------------  -------------------
/opt/airflow/dags/pipeline_orchestration/customer_churn_dag.py                           1           0  0.17s           2025-03-02T17:30:48
================================================================================
[2025-03-02T17:31:31.526+0000] {manager.py:893} INFO - 
================================================================================
DAG File Processing Stats

File Path                                                       PID    Runtime      # DAGs    # Errors  Last Runtime    Last Run
--------------------------------------------------------------  -----  ---------  --------  ----------  --------------  -------------------
/opt/airflow/dags/pipeline_orchestration/customer_churn_dag.py                           1           0  0.17s           2025-03-02T17:31:18
================================================================================
[2025-03-02T17:32:02.236+0000] {manager.py:893} INFO - 
================================================================================
DAG File Processing Stats

File Path                                                       PID    Runtime      # DAGs    # Errors  Last Runtime    Last Run
--------------------------------------------------------------  -----  ---------  --------  ----------  --------------  -------------------
/opt/airflow/dags/pipeline_orchestration/customer_churn_dag.py                           1           0  0.19s           2025-03-02T17:31:48
================================================================================
[2025-03-02T17:32:32.691+0000] {manager.py:893} INFO - 
================================================================================
DAG File Processing Stats

File Path                                                       PID    Runtime      # DAGs    # Errors  Last Runtime    Last Run
--------------------------------------------------------------  -----  ---------  --------  ----------  --------------  -------------------
/opt/airflow/dags/pipeline_orchestration/customer_churn_dag.py                           1           0  0.19s           2025-03-02T17:32:19
================================================================================
[2025-03-02T17:32:35.736+0000] {manager.py:759} INFO - Searching for files in /opt/airflow/dags
[2025-03-02T17:32:35.747+0000] {manager.py:762} INFO - There are 1 files in /opt/airflow/dags
[2025-03-02T17:33:03.176+0000] {manager.py:893} INFO - 
================================================================================
DAG File Processing Stats

File Path                                                       PID    Runtime      # DAGs    # Errors  Last Runtime    Last Run
--------------------------------------------------------------  -----  ---------  --------  ----------  --------------  -------------------
/opt/airflow/dags/pipeline_orchestration/customer_churn_dag.py                           1           0  0.18s           2025-03-02T17:32:50
================================================================================
[2025-03-02T17:33:33.613+0000] {manager.py:893} INFO - 
================================================================================
DAG File Processing Stats

File Path                                                       PID    Runtime      # DAGs    # Errors  Last Runtime    Last Run
--------------------------------------------------------------  -----  ---------  --------  ----------  --------------  -------------------
/opt/airflow/dags/pipeline_orchestration/customer_churn_dag.py                           1           0  0.19s           2025-03-02T17:33:20
================================================================================
[2025-03-02T17:34:04.134+0000] {manager.py:893} INFO - 
================================================================================
DAG File Processing Stats

File Path                                                       PID    Runtime      # DAGs    # Errors  Last Runtime    Last Run
--------------------------------------------------------------  -----  ---------  --------  ----------  --------------  -------------------
/opt/airflow/dags/pipeline_orchestration/customer_churn_dag.py                           1           0  0.18s           2025-03-02T17:33:51
================================================================================
[2025-03-02T17:34:34.572+0000] {manager.py:893} INFO - 
================================================================================
DAG File Processing Stats

File Path                                                       PID    Runtime      # DAGs    # Errors  Last Runtime    Last Run
--------------------------------------------------------------  -----  ---------  --------  ----------  --------------  -------------------
/opt/airflow/dags/pipeline_orchestration/customer_churn_dag.py                           1           0  0.18s           2025-03-02T17:34:21
================================================================================
[2025-03-02T17:35:05.089+0000] {manager.py:893} INFO - 
================================================================================
DAG File Processing Stats

File Path                                                       PID    Runtime      # DAGs    # Errors  Last Runtime    Last Run
--------------------------------------------------------------  -----  ---------  --------  ----------  --------------  -------------------
/opt/airflow/dags/pipeline_orchestration/customer_churn_dag.py                           1           0  0.16s           2025-03-02T17:34:51
================================================================================
[2025-03-02T17:35:35.553+0000] {manager.py:893} INFO - 
================================================================================
DAG File Processing Stats

File Path                                                       PID    Runtime      # DAGs    # Errors  Last Runtime    Last Run
--------------------------------------------------------------  -----  ---------  --------  ----------  --------------  -------------------
/opt/airflow/dags/pipeline_orchestration/customer_churn_dag.py                           1           0  0.17s           2025-03-02T17:35:22
================================================================================
[2025-03-02T17:36:06.004+0000] {manager.py:893} INFO - 
================================================================================
DAG File Processing Stats

File Path                                                       PID    Runtime      # DAGs    # Errors  Last Runtime    Last Run
--------------------------------------------------------------  -----  ---------  --------  ----------  --------------  -------------------
/opt/airflow/dags/pipeline_orchestration/customer_churn_dag.py                           1           0  0.18s           2025-03-02T17:35:52
================================================================================
[2025-03-02T17:36:36.414+0000] {manager.py:893} INFO - 
================================================================================
DAG File Processing Stats

File Path                                                       PID    Runtime      # DAGs    # Errors  Last Runtime    Last Run
--------------------------------------------------------------  -----  ---------  --------  ----------  --------------  -------------------
/opt/airflow/dags/pipeline_orchestration/customer_churn_dag.py                           1           0  0.19s           2025-03-02T17:36:23
================================================================================
[2025-03-02T17:37:06.891+0000] {manager.py:893} INFO - 
================================================================================
DAG File Processing Stats

File Path                                                       PID    Runtime      # DAGs    # Errors  Last Runtime    Last Run
--------------------------------------------------------------  -----  ---------  --------  ----------  --------------  -------------------
/opt/airflow/dags/pipeline_orchestration/customer_churn_dag.py                           1           0  0.19s           2025-03-02T17:36:53
================================================================================
[2025-03-02T17:37:36.328+0000] {manager.py:759} INFO - Searching for files in /opt/airflow/dags
[2025-03-02T17:37:36.347+0000] {manager.py:762} INFO - There are 1 files in /opt/airflow/dags
[2025-03-02T17:37:37.390+0000] {manager.py:893} INFO - 
================================================================================
DAG File Processing Stats

File Path                                                       PID    Runtime      # DAGs    # Errors  Last Runtime    Last Run
--------------------------------------------------------------  -----  ---------  --------  ----------  --------------  -------------------
/opt/airflow/dags/pipeline_orchestration/customer_churn_dag.py                           1           0  0.18s           2025-03-02T17:37:24
================================================================================
[2025-03-02T17:38:07.774+0000] {manager.py:893} INFO - 
================================================================================
DAG File Processing Stats

File Path                                                       PID    Runtime      # DAGs    # Errors  Last Runtime    Last Run
--------------------------------------------------------------  -----  ---------  --------  ----------  --------------  -------------------
/opt/airflow/dags/pipeline_orchestration/customer_churn_dag.py                           1           0  0.17s           2025-03-02T17:37:54
================================================================================
[2025-03-02T17:38:38.223+0000] {manager.py:893} INFO - 
================================================================================
DAG File Processing Stats

File Path                                                       PID    Runtime      # DAGs    # Errors  Last Runtime    Last Run
--------------------------------------------------------------  -----  ---------  --------  ----------  --------------  -------------------
/opt/airflow/dags/pipeline_orchestration/customer_churn_dag.py                           1           0  0.20s           2025-03-02T17:38:25
================================================================================
[2025-03-02T17:38:54.278+0000] {manager.py:469} INFO - Exiting gracefully upon receiving signal 15
