[2025-03-02T16:08:34.188+0000] {processor.py:157} INFO - Started process (PID=157) to work on /opt/airflow/dags/pipeline_orchestration/customer_churn_dag.py
[2025-03-02T16:08:34.190+0000] {processor.py:829} INFO - Processing file /opt/airflow/dags/pipeline_orchestration/customer_churn_dag.py for tasks to queue
[2025-03-02T16:08:34.193+0000] {logging_mixin.py:151} INFO - [2025-03-02T16:08:34.192+0000] {dagbag.py:539} INFO - Filling up the DagBag from /opt/airflow/dags/pipeline_orchestration/customer_churn_dag.py
[2025-03-02T16:08:34.226+0000] {processor.py:839} INFO - DAG(s) dict_keys(['customer_churn_pipeline']) retrieved from /opt/airflow/dags/pipeline_orchestration/customer_churn_dag.py
[2025-03-02T16:08:34.241+0000] {logging_mixin.py:151} INFO - [2025-03-02T16:08:34.241+0000] {dag.py:2915} INFO - Sync 1 DAGs
[2025-03-02T16:08:34.252+0000] {logging_mixin.py:151} INFO - [2025-03-02T16:08:34.252+0000] {dag.py:3696} INFO - Setting next_dagrun for customer_churn_pipeline to 2025-03-01T00:00:00+00:00, run_after=2025-03-02T00:00:00+00:00
[2025-03-02T16:08:34.261+0000] {processor.py:179} INFO - Processing /opt/airflow/dags/pipeline_orchestration/customer_churn_dag.py took 0.076 seconds
[2025-03-02T16:09:04.509+0000] {processor.py:157} INFO - Started process (PID=163) to work on /opt/airflow/dags/pipeline_orchestration/customer_churn_dag.py
[2025-03-02T16:09:04.511+0000] {processor.py:829} INFO - Processing file /opt/airflow/dags/pipeline_orchestration/customer_churn_dag.py for tasks to queue
[2025-03-02T16:09:04.512+0000] {logging_mixin.py:151} INFO - [2025-03-02T16:09:04.511+0000] {dagbag.py:539} INFO - Filling up the DagBag from /opt/airflow/dags/pipeline_orchestration/customer_churn_dag.py
[2025-03-02T16:09:04.541+0000] {processor.py:839} INFO - DAG(s) dict_keys(['customer_churn_pipeline']) retrieved from /opt/airflow/dags/pipeline_orchestration/customer_churn_dag.py
[2025-03-02T16:09:04.593+0000] {logging_mixin.py:151} INFO - [2025-03-02T16:09:04.592+0000] {dag.py:2915} INFO - Sync 1 DAGs
[2025-03-02T16:09:04.611+0000] {logging_mixin.py:151} INFO - [2025-03-02T16:09:04.610+0000] {dag.py:3696} INFO - Setting next_dagrun for customer_churn_pipeline to 2025-03-01T00:00:00+00:00, run_after=2025-03-02T00:00:00+00:00
[2025-03-02T16:09:04.637+0000] {processor.py:179} INFO - Processing /opt/airflow/dags/pipeline_orchestration/customer_churn_dag.py took 0.134 seconds
[2025-03-02T16:09:34.893+0000] {processor.py:157} INFO - Started process (PID=168) to work on /opt/airflow/dags/pipeline_orchestration/customer_churn_dag.py
[2025-03-02T16:09:34.895+0000] {processor.py:829} INFO - Processing file /opt/airflow/dags/pipeline_orchestration/customer_churn_dag.py for tasks to queue
[2025-03-02T16:09:34.896+0000] {logging_mixin.py:151} INFO - [2025-03-02T16:09:34.895+0000] {dagbag.py:539} INFO - Filling up the DagBag from /opt/airflow/dags/pipeline_orchestration/customer_churn_dag.py
[2025-03-02T16:09:34.926+0000] {processor.py:839} INFO - DAG(s) dict_keys(['customer_churn_pipeline']) retrieved from /opt/airflow/dags/pipeline_orchestration/customer_churn_dag.py
[2025-03-02T16:09:34.955+0000] {logging_mixin.py:151} INFO - [2025-03-02T16:09:34.955+0000] {dag.py:2915} INFO - Sync 1 DAGs
[2025-03-02T16:09:34.973+0000] {logging_mixin.py:151} INFO - [2025-03-02T16:09:34.973+0000] {dag.py:3696} INFO - Setting next_dagrun for customer_churn_pipeline to 2025-03-01T00:00:00+00:00, run_after=2025-03-02T00:00:00+00:00
[2025-03-02T16:09:34.983+0000] {processor.py:179} INFO - Processing /opt/airflow/dags/pipeline_orchestration/customer_churn_dag.py took 0.095 seconds
[2025-03-02T16:10:05.401+0000] {processor.py:157} INFO - Started process (PID=201) to work on /opt/airflow/dags/pipeline_orchestration/customer_churn_dag.py
[2025-03-02T16:10:05.404+0000] {processor.py:829} INFO - Processing file /opt/airflow/dags/pipeline_orchestration/customer_churn_dag.py for tasks to queue
[2025-03-02T16:10:05.406+0000] {logging_mixin.py:151} INFO - [2025-03-02T16:10:05.405+0000] {dagbag.py:539} INFO - Filling up the DagBag from /opt/airflow/dags/pipeline_orchestration/customer_churn_dag.py
[2025-03-02T16:10:05.435+0000] {processor.py:839} INFO - DAG(s) dict_keys(['customer_churn_pipeline']) retrieved from /opt/airflow/dags/pipeline_orchestration/customer_churn_dag.py
[2025-03-02T16:10:05.471+0000] {logging_mixin.py:151} INFO - [2025-03-02T16:10:05.471+0000] {dag.py:2915} INFO - Sync 1 DAGs
[2025-03-02T16:10:05.494+0000] {logging_mixin.py:151} INFO - [2025-03-02T16:10:05.494+0000] {dag.py:3696} INFO - Setting next_dagrun for customer_churn_pipeline to 2025-03-02T00:00:00+00:00, run_after=2025-03-03T00:00:00+00:00
[2025-03-02T16:10:05.504+0000] {processor.py:179} INFO - Processing /opt/airflow/dags/pipeline_orchestration/customer_churn_dag.py took 0.109 seconds
[2025-03-02T16:10:35.769+0000] {processor.py:157} INFO - Started process (PID=206) to work on /opt/airflow/dags/pipeline_orchestration/customer_churn_dag.py
[2025-03-02T16:10:35.770+0000] {processor.py:829} INFO - Processing file /opt/airflow/dags/pipeline_orchestration/customer_churn_dag.py for tasks to queue
[2025-03-02T16:10:35.772+0000] {logging_mixin.py:151} INFO - [2025-03-02T16:10:35.771+0000] {dagbag.py:539} INFO - Filling up the DagBag from /opt/airflow/dags/pipeline_orchestration/customer_churn_dag.py
[2025-03-02T16:10:35.814+0000] {processor.py:839} INFO - DAG(s) dict_keys(['customer_churn_pipeline']) retrieved from /opt/airflow/dags/pipeline_orchestration/customer_churn_dag.py
[2025-03-02T16:10:35.852+0000] {logging_mixin.py:151} INFO - [2025-03-02T16:10:35.852+0000] {dag.py:2915} INFO - Sync 1 DAGs
[2025-03-02T16:10:35.874+0000] {logging_mixin.py:151} INFO - [2025-03-02T16:10:35.874+0000] {dag.py:3696} INFO - Setting next_dagrun for customer_churn_pipeline to 2025-03-02T00:00:00+00:00, run_after=2025-03-03T00:00:00+00:00
[2025-03-02T16:10:35.884+0000] {processor.py:179} INFO - Processing /opt/airflow/dags/pipeline_orchestration/customer_churn_dag.py took 0.122 seconds
[2025-03-02T16:11:06.205+0000] {processor.py:157} INFO - Started process (PID=211) to work on /opt/airflow/dags/pipeline_orchestration/customer_churn_dag.py
[2025-03-02T16:11:06.208+0000] {processor.py:829} INFO - Processing file /opt/airflow/dags/pipeline_orchestration/customer_churn_dag.py for tasks to queue
[2025-03-02T16:11:06.210+0000] {logging_mixin.py:151} INFO - [2025-03-02T16:11:06.209+0000] {dagbag.py:539} INFO - Filling up the DagBag from /opt/airflow/dags/pipeline_orchestration/customer_churn_dag.py
[2025-03-02T16:11:06.243+0000] {processor.py:839} INFO - DAG(s) dict_keys(['customer_churn_pipeline']) retrieved from /opt/airflow/dags/pipeline_orchestration/customer_churn_dag.py
[2025-03-02T16:11:06.277+0000] {logging_mixin.py:151} INFO - [2025-03-02T16:11:06.277+0000] {dag.py:2915} INFO - Sync 1 DAGs
[2025-03-02T16:11:06.292+0000] {logging_mixin.py:151} INFO - [2025-03-02T16:11:06.292+0000] {dag.py:3696} INFO - Setting next_dagrun for customer_churn_pipeline to 2025-03-02T00:00:00+00:00, run_after=2025-03-03T00:00:00+00:00
[2025-03-02T16:11:06.304+0000] {processor.py:179} INFO - Processing /opt/airflow/dags/pipeline_orchestration/customer_churn_dag.py took 0.107 seconds
[2025-03-02T16:11:36.664+0000] {processor.py:157} INFO - Started process (PID=216) to work on /opt/airflow/dags/pipeline_orchestration/customer_churn_dag.py
[2025-03-02T16:11:36.665+0000] {processor.py:829} INFO - Processing file /opt/airflow/dags/pipeline_orchestration/customer_churn_dag.py for tasks to queue
[2025-03-02T16:11:36.667+0000] {logging_mixin.py:151} INFO - [2025-03-02T16:11:36.666+0000] {dagbag.py:539} INFO - Filling up the DagBag from /opt/airflow/dags/pipeline_orchestration/customer_churn_dag.py
[2025-03-02T16:11:36.693+0000] {processor.py:839} INFO - DAG(s) dict_keys(['customer_churn_pipeline']) retrieved from /opt/airflow/dags/pipeline_orchestration/customer_churn_dag.py
[2025-03-02T16:11:36.727+0000] {logging_mixin.py:151} INFO - [2025-03-02T16:11:36.727+0000] {dag.py:2915} INFO - Sync 1 DAGs
[2025-03-02T16:11:36.747+0000] {logging_mixin.py:151} INFO - [2025-03-02T16:11:36.747+0000] {dag.py:3696} INFO - Setting next_dagrun for customer_churn_pipeline to 2025-03-02T00:00:00+00:00, run_after=2025-03-03T00:00:00+00:00
[2025-03-02T16:11:36.757+0000] {processor.py:179} INFO - Processing /opt/airflow/dags/pipeline_orchestration/customer_churn_dag.py took 0.113 seconds
[2025-03-02T16:12:07.113+0000] {processor.py:157} INFO - Started process (PID=221) to work on /opt/airflow/dags/pipeline_orchestration/customer_churn_dag.py
[2025-03-02T16:12:07.114+0000] {processor.py:829} INFO - Processing file /opt/airflow/dags/pipeline_orchestration/customer_churn_dag.py for tasks to queue
[2025-03-02T16:12:07.115+0000] {logging_mixin.py:151} INFO - [2025-03-02T16:12:07.115+0000] {dagbag.py:539} INFO - Filling up the DagBag from /opt/airflow/dags/pipeline_orchestration/customer_churn_dag.py
[2025-03-02T16:12:07.148+0000] {processor.py:839} INFO - DAG(s) dict_keys(['customer_churn_pipeline']) retrieved from /opt/airflow/dags/pipeline_orchestration/customer_churn_dag.py
[2025-03-02T16:12:07.185+0000] {logging_mixin.py:151} INFO - [2025-03-02T16:12:07.185+0000] {dag.py:2915} INFO - Sync 1 DAGs
[2025-03-02T16:12:07.201+0000] {logging_mixin.py:151} INFO - [2025-03-02T16:12:07.201+0000] {dag.py:3696} INFO - Setting next_dagrun for customer_churn_pipeline to 2025-03-02T00:00:00+00:00, run_after=2025-03-03T00:00:00+00:00
[2025-03-02T16:12:07.212+0000] {processor.py:179} INFO - Processing /opt/airflow/dags/pipeline_orchestration/customer_churn_dag.py took 0.106 seconds
[2025-03-02T16:12:37.443+0000] {processor.py:157} INFO - Started process (PID=226) to work on /opt/airflow/dags/pipeline_orchestration/customer_churn_dag.py
[2025-03-02T16:12:37.449+0000] {processor.py:829} INFO - Processing file /opt/airflow/dags/pipeline_orchestration/customer_churn_dag.py for tasks to queue
[2025-03-02T16:12:37.456+0000] {logging_mixin.py:151} INFO - [2025-03-02T16:12:37.454+0000] {dagbag.py:539} INFO - Filling up the DagBag from /opt/airflow/dags/pipeline_orchestration/customer_churn_dag.py
[2025-03-02T16:12:37.485+0000] {processor.py:839} INFO - DAG(s) dict_keys(['customer_churn_pipeline']) retrieved from /opt/airflow/dags/pipeline_orchestration/customer_churn_dag.py
[2025-03-02T16:12:37.521+0000] {logging_mixin.py:151} INFO - [2025-03-02T16:12:37.521+0000] {dag.py:2915} INFO - Sync 1 DAGs
[2025-03-02T16:12:37.541+0000] {logging_mixin.py:151} INFO - [2025-03-02T16:12:37.541+0000] {dag.py:3696} INFO - Setting next_dagrun for customer_churn_pipeline to 2025-03-02T00:00:00+00:00, run_after=2025-03-03T00:00:00+00:00
[2025-03-02T16:12:37.551+0000] {processor.py:179} INFO - Processing /opt/airflow/dags/pipeline_orchestration/customer_churn_dag.py took 0.116 seconds
[2025-03-02T16:13:07.911+0000] {processor.py:157} INFO - Started process (PID=231) to work on /opt/airflow/dags/pipeline_orchestration/customer_churn_dag.py
[2025-03-02T16:13:07.913+0000] {processor.py:829} INFO - Processing file /opt/airflow/dags/pipeline_orchestration/customer_churn_dag.py for tasks to queue
[2025-03-02T16:13:07.914+0000] {logging_mixin.py:151} INFO - [2025-03-02T16:13:07.914+0000] {dagbag.py:539} INFO - Filling up the DagBag from /opt/airflow/dags/pipeline_orchestration/customer_churn_dag.py
[2025-03-02T16:13:07.949+0000] {processor.py:839} INFO - DAG(s) dict_keys(['customer_churn_pipeline']) retrieved from /opt/airflow/dags/pipeline_orchestration/customer_churn_dag.py
[2025-03-02T16:13:07.987+0000] {logging_mixin.py:151} INFO - [2025-03-02T16:13:07.987+0000] {dag.py:2915} INFO - Sync 1 DAGs
[2025-03-02T16:13:08.004+0000] {logging_mixin.py:151} INFO - [2025-03-02T16:13:08.004+0000] {dag.py:3696} INFO - Setting next_dagrun for customer_churn_pipeline to 2025-03-02T00:00:00+00:00, run_after=2025-03-03T00:00:00+00:00
[2025-03-02T16:13:08.014+0000] {processor.py:179} INFO - Processing /opt/airflow/dags/pipeline_orchestration/customer_churn_dag.py took 0.112 seconds
[2025-03-02T16:13:38.335+0000] {processor.py:157} INFO - Started process (PID=236) to work on /opt/airflow/dags/pipeline_orchestration/customer_churn_dag.py
[2025-03-02T16:13:38.337+0000] {processor.py:829} INFO - Processing file /opt/airflow/dags/pipeline_orchestration/customer_churn_dag.py for tasks to queue
[2025-03-02T16:13:38.339+0000] {logging_mixin.py:151} INFO - [2025-03-02T16:13:38.338+0000] {dagbag.py:539} INFO - Filling up the DagBag from /opt/airflow/dags/pipeline_orchestration/customer_churn_dag.py
[2025-03-02T16:13:38.372+0000] {processor.py:839} INFO - DAG(s) dict_keys(['customer_churn_pipeline']) retrieved from /opt/airflow/dags/pipeline_orchestration/customer_churn_dag.py
[2025-03-02T16:13:38.404+0000] {logging_mixin.py:151} INFO - [2025-03-02T16:13:38.404+0000] {dag.py:2915} INFO - Sync 1 DAGs
[2025-03-02T16:13:38.424+0000] {logging_mixin.py:151} INFO - [2025-03-02T16:13:38.423+0000] {dag.py:3696} INFO - Setting next_dagrun for customer_churn_pipeline to 2025-03-02T00:00:00+00:00, run_after=2025-03-03T00:00:00+00:00
[2025-03-02T16:13:38.433+0000] {processor.py:179} INFO - Processing /opt/airflow/dags/pipeline_orchestration/customer_churn_dag.py took 0.105 seconds
[2025-03-02T16:14:08.729+0000] {processor.py:157} INFO - Started process (PID=241) to work on /opt/airflow/dags/pipeline_orchestration/customer_churn_dag.py
[2025-03-02T16:14:08.731+0000] {processor.py:829} INFO - Processing file /opt/airflow/dags/pipeline_orchestration/customer_churn_dag.py for tasks to queue
[2025-03-02T16:14:08.732+0000] {logging_mixin.py:151} INFO - [2025-03-02T16:14:08.732+0000] {dagbag.py:539} INFO - Filling up the DagBag from /opt/airflow/dags/pipeline_orchestration/customer_churn_dag.py
[2025-03-02T16:14:08.765+0000] {processor.py:839} INFO - DAG(s) dict_keys(['customer_churn_pipeline']) retrieved from /opt/airflow/dags/pipeline_orchestration/customer_churn_dag.py
[2025-03-02T16:14:08.806+0000] {logging_mixin.py:151} INFO - [2025-03-02T16:14:08.806+0000] {dag.py:2915} INFO - Sync 1 DAGs
[2025-03-02T16:14:08.822+0000] {logging_mixin.py:151} INFO - [2025-03-02T16:14:08.822+0000] {dag.py:3696} INFO - Setting next_dagrun for customer_churn_pipeline to 2025-03-02T00:00:00+00:00, run_after=2025-03-03T00:00:00+00:00
[2025-03-02T16:14:08.832+0000] {processor.py:179} INFO - Processing /opt/airflow/dags/pipeline_orchestration/customer_churn_dag.py took 0.112 seconds
[2025-03-02T16:14:39.161+0000] {processor.py:157} INFO - Started process (PID=246) to work on /opt/airflow/dags/pipeline_orchestration/customer_churn_dag.py
[2025-03-02T16:14:39.163+0000] {processor.py:829} INFO - Processing file /opt/airflow/dags/pipeline_orchestration/customer_churn_dag.py for tasks to queue
[2025-03-02T16:14:39.165+0000] {logging_mixin.py:151} INFO - [2025-03-02T16:14:39.164+0000] {dagbag.py:539} INFO - Filling up the DagBag from /opt/airflow/dags/pipeline_orchestration/customer_churn_dag.py
[2025-03-02T16:14:39.196+0000] {processor.py:839} INFO - DAG(s) dict_keys(['customer_churn_pipeline']) retrieved from /opt/airflow/dags/pipeline_orchestration/customer_churn_dag.py
[2025-03-02T16:14:39.229+0000] {logging_mixin.py:151} INFO - [2025-03-02T16:14:39.228+0000] {dag.py:2915} INFO - Sync 1 DAGs
[2025-03-02T16:14:39.244+0000] {logging_mixin.py:151} INFO - [2025-03-02T16:14:39.244+0000] {dag.py:3696} INFO - Setting next_dagrun for customer_churn_pipeline to 2025-03-02T00:00:00+00:00, run_after=2025-03-03T00:00:00+00:00
[2025-03-02T16:14:39.258+0000] {processor.py:179} INFO - Processing /opt/airflow/dags/pipeline_orchestration/customer_churn_dag.py took 0.108 seconds
[2025-03-02T16:15:09.640+0000] {processor.py:157} INFO - Started process (PID=251) to work on /opt/airflow/dags/pipeline_orchestration/customer_churn_dag.py
[2025-03-02T16:15:09.642+0000] {processor.py:829} INFO - Processing file /opt/airflow/dags/pipeline_orchestration/customer_churn_dag.py for tasks to queue
[2025-03-02T16:15:09.643+0000] {logging_mixin.py:151} INFO - [2025-03-02T16:15:09.643+0000] {dagbag.py:539} INFO - Filling up the DagBag from /opt/airflow/dags/pipeline_orchestration/customer_churn_dag.py
[2025-03-02T16:15:09.674+0000] {processor.py:839} INFO - DAG(s) dict_keys(['customer_churn_pipeline']) retrieved from /opt/airflow/dags/pipeline_orchestration/customer_churn_dag.py
[2025-03-02T16:15:09.711+0000] {logging_mixin.py:151} INFO - [2025-03-02T16:15:09.710+0000] {dag.py:2915} INFO - Sync 1 DAGs
[2025-03-02T16:15:09.727+0000] {logging_mixin.py:151} INFO - [2025-03-02T16:15:09.727+0000] {dag.py:3696} INFO - Setting next_dagrun for customer_churn_pipeline to 2025-03-02T00:00:00+00:00, run_after=2025-03-03T00:00:00+00:00
[2025-03-02T16:15:09.742+0000] {processor.py:179} INFO - Processing /opt/airflow/dags/pipeline_orchestration/customer_churn_dag.py took 0.109 seconds
[2025-03-02T16:15:40.090+0000] {processor.py:157} INFO - Started process (PID=256) to work on /opt/airflow/dags/pipeline_orchestration/customer_churn_dag.py
[2025-03-02T16:15:40.091+0000] {processor.py:829} INFO - Processing file /opt/airflow/dags/pipeline_orchestration/customer_churn_dag.py for tasks to queue
[2025-03-02T16:15:40.093+0000] {logging_mixin.py:151} INFO - [2025-03-02T16:15:40.092+0000] {dagbag.py:539} INFO - Filling up the DagBag from /opt/airflow/dags/pipeline_orchestration/customer_churn_dag.py
[2025-03-02T16:15:40.125+0000] {processor.py:839} INFO - DAG(s) dict_keys(['customer_churn_pipeline']) retrieved from /opt/airflow/dags/pipeline_orchestration/customer_churn_dag.py
[2025-03-02T16:15:40.176+0000] {logging_mixin.py:151} INFO - [2025-03-02T16:15:40.176+0000] {dag.py:2915} INFO - Sync 1 DAGs
[2025-03-02T16:15:40.198+0000] {logging_mixin.py:151} INFO - [2025-03-02T16:15:40.198+0000] {dag.py:3696} INFO - Setting next_dagrun for customer_churn_pipeline to 2025-03-02T00:00:00+00:00, run_after=2025-03-03T00:00:00+00:00
[2025-03-02T16:15:40.210+0000] {processor.py:179} INFO - Processing /opt/airflow/dags/pipeline_orchestration/customer_churn_dag.py took 0.127 seconds
[2025-03-02T16:16:10.440+0000] {processor.py:157} INFO - Started process (PID=261) to work on /opt/airflow/dags/pipeline_orchestration/customer_churn_dag.py
[2025-03-02T16:16:10.442+0000] {processor.py:829} INFO - Processing file /opt/airflow/dags/pipeline_orchestration/customer_churn_dag.py for tasks to queue
[2025-03-02T16:16:10.444+0000] {logging_mixin.py:151} INFO - [2025-03-02T16:16:10.443+0000] {dagbag.py:539} INFO - Filling up the DagBag from /opt/airflow/dags/pipeline_orchestration/customer_churn_dag.py
[2025-03-02T16:16:10.483+0000] {processor.py:839} INFO - DAG(s) dict_keys(['customer_churn_pipeline']) retrieved from /opt/airflow/dags/pipeline_orchestration/customer_churn_dag.py
[2025-03-02T16:16:10.528+0000] {logging_mixin.py:151} INFO - [2025-03-02T16:16:10.527+0000] {dag.py:2915} INFO - Sync 1 DAGs
[2025-03-02T16:16:10.544+0000] {logging_mixin.py:151} INFO - [2025-03-02T16:16:10.543+0000] {dag.py:3696} INFO - Setting next_dagrun for customer_churn_pipeline to 2025-03-02T00:00:00+00:00, run_after=2025-03-03T00:00:00+00:00
[2025-03-02T16:16:10.554+0000] {processor.py:179} INFO - Processing /opt/airflow/dags/pipeline_orchestration/customer_churn_dag.py took 0.122 seconds
[2025-03-02T16:16:41.016+0000] {processor.py:157} INFO - Started process (PID=266) to work on /opt/airflow/dags/pipeline_orchestration/customer_churn_dag.py
[2025-03-02T16:16:41.017+0000] {processor.py:829} INFO - Processing file /opt/airflow/dags/pipeline_orchestration/customer_churn_dag.py for tasks to queue
[2025-03-02T16:16:41.019+0000] {logging_mixin.py:151} INFO - [2025-03-02T16:16:41.018+0000] {dagbag.py:539} INFO - Filling up the DagBag from /opt/airflow/dags/pipeline_orchestration/customer_churn_dag.py
[2025-03-02T16:16:41.050+0000] {processor.py:839} INFO - DAG(s) dict_keys(['customer_churn_pipeline']) retrieved from /opt/airflow/dags/pipeline_orchestration/customer_churn_dag.py
[2025-03-02T16:16:41.098+0000] {logging_mixin.py:151} INFO - [2025-03-02T16:16:41.098+0000] {dag.py:2915} INFO - Sync 1 DAGs
[2025-03-02T16:16:41.114+0000] {logging_mixin.py:151} INFO - [2025-03-02T16:16:41.114+0000] {dag.py:3696} INFO - Setting next_dagrun for customer_churn_pipeline to 2025-03-02T00:00:00+00:00, run_after=2025-03-03T00:00:00+00:00
[2025-03-02T16:16:41.123+0000] {processor.py:179} INFO - Processing /opt/airflow/dags/pipeline_orchestration/customer_churn_dag.py took 0.114 seconds
[2025-03-02T16:17:11.553+0000] {processor.py:157} INFO - Started process (PID=271) to work on /opt/airflow/dags/pipeline_orchestration/customer_churn_dag.py
[2025-03-02T16:17:11.554+0000] {processor.py:829} INFO - Processing file /opt/airflow/dags/pipeline_orchestration/customer_churn_dag.py for tasks to queue
[2025-03-02T16:17:11.556+0000] {logging_mixin.py:151} INFO - [2025-03-02T16:17:11.555+0000] {dagbag.py:539} INFO - Filling up the DagBag from /opt/airflow/dags/pipeline_orchestration/customer_churn_dag.py
[2025-03-02T16:17:11.586+0000] {processor.py:839} INFO - DAG(s) dict_keys(['customer_churn_pipeline']) retrieved from /opt/airflow/dags/pipeline_orchestration/customer_churn_dag.py
[2025-03-02T16:17:11.626+0000] {logging_mixin.py:151} INFO - [2025-03-02T16:17:11.626+0000] {dag.py:2915} INFO - Sync 1 DAGs
[2025-03-02T16:17:11.650+0000] {logging_mixin.py:151} INFO - [2025-03-02T16:17:11.650+0000] {dag.py:3696} INFO - Setting next_dagrun for customer_churn_pipeline to 2025-03-02T00:00:00+00:00, run_after=2025-03-03T00:00:00+00:00
[2025-03-02T16:17:11.660+0000] {processor.py:179} INFO - Processing /opt/airflow/dags/pipeline_orchestration/customer_churn_dag.py took 0.117 seconds
[2025-03-02T16:17:42.020+0000] {processor.py:157} INFO - Started process (PID=276) to work on /opt/airflow/dags/pipeline_orchestration/customer_churn_dag.py
[2025-03-02T16:17:42.022+0000] {processor.py:829} INFO - Processing file /opt/airflow/dags/pipeline_orchestration/customer_churn_dag.py for tasks to queue
[2025-03-02T16:17:42.023+0000] {logging_mixin.py:151} INFO - [2025-03-02T16:17:42.022+0000] {dagbag.py:539} INFO - Filling up the DagBag from /opt/airflow/dags/pipeline_orchestration/customer_churn_dag.py
[2025-03-02T16:17:42.058+0000] {processor.py:839} INFO - DAG(s) dict_keys(['customer_churn_pipeline']) retrieved from /opt/airflow/dags/pipeline_orchestration/customer_churn_dag.py
[2025-03-02T16:17:42.100+0000] {logging_mixin.py:151} INFO - [2025-03-02T16:17:42.100+0000] {dag.py:2915} INFO - Sync 1 DAGs
[2025-03-02T16:17:42.114+0000] {logging_mixin.py:151} INFO - [2025-03-02T16:17:42.114+0000] {dag.py:3696} INFO - Setting next_dagrun for customer_churn_pipeline to 2025-03-02T00:00:00+00:00, run_after=2025-03-03T00:00:00+00:00
[2025-03-02T16:17:42.126+0000] {processor.py:179} INFO - Processing /opt/airflow/dags/pipeline_orchestration/customer_churn_dag.py took 0.112 seconds
[2025-03-02T16:18:12.494+0000] {processor.py:157} INFO - Started process (PID=281) to work on /opt/airflow/dags/pipeline_orchestration/customer_churn_dag.py
[2025-03-02T16:18:12.495+0000] {processor.py:829} INFO - Processing file /opt/airflow/dags/pipeline_orchestration/customer_churn_dag.py for tasks to queue
[2025-03-02T16:18:12.496+0000] {logging_mixin.py:151} INFO - [2025-03-02T16:18:12.496+0000] {dagbag.py:539} INFO - Filling up the DagBag from /opt/airflow/dags/pipeline_orchestration/customer_churn_dag.py
[2025-03-02T16:18:12.522+0000] {processor.py:839} INFO - DAG(s) dict_keys(['customer_churn_pipeline']) retrieved from /opt/airflow/dags/pipeline_orchestration/customer_churn_dag.py
[2025-03-02T16:18:12.559+0000] {logging_mixin.py:151} INFO - [2025-03-02T16:18:12.559+0000] {dag.py:2915} INFO - Sync 1 DAGs
[2025-03-02T16:18:12.575+0000] {logging_mixin.py:151} INFO - [2025-03-02T16:18:12.574+0000] {dag.py:3696} INFO - Setting next_dagrun for customer_churn_pipeline to 2025-03-02T00:00:00+00:00, run_after=2025-03-03T00:00:00+00:00
[2025-03-02T16:18:12.585+0000] {processor.py:179} INFO - Processing /opt/airflow/dags/pipeline_orchestration/customer_churn_dag.py took 0.097 seconds
[2025-03-02T16:18:42.999+0000] {processor.py:157} INFO - Started process (PID=286) to work on /opt/airflow/dags/pipeline_orchestration/customer_churn_dag.py
[2025-03-02T16:18:43.000+0000] {processor.py:829} INFO - Processing file /opt/airflow/dags/pipeline_orchestration/customer_churn_dag.py for tasks to queue
[2025-03-02T16:18:43.001+0000] {logging_mixin.py:151} INFO - [2025-03-02T16:18:43.001+0000] {dagbag.py:539} INFO - Filling up the DagBag from /opt/airflow/dags/pipeline_orchestration/customer_churn_dag.py
[2025-03-02T16:18:43.031+0000] {processor.py:839} INFO - DAG(s) dict_keys(['customer_churn_pipeline']) retrieved from /opt/airflow/dags/pipeline_orchestration/customer_churn_dag.py
[2025-03-02T16:18:43.064+0000] {logging_mixin.py:151} INFO - [2025-03-02T16:18:43.064+0000] {dag.py:2915} INFO - Sync 1 DAGs
[2025-03-02T16:18:43.082+0000] {logging_mixin.py:151} INFO - [2025-03-02T16:18:43.082+0000] {dag.py:3696} INFO - Setting next_dagrun for customer_churn_pipeline to 2025-03-02T00:00:00+00:00, run_after=2025-03-03T00:00:00+00:00
[2025-03-02T16:18:43.091+0000] {processor.py:179} INFO - Processing /opt/airflow/dags/pipeline_orchestration/customer_churn_dag.py took 0.101 seconds
[2025-03-02T16:19:13.458+0000] {processor.py:157} INFO - Started process (PID=291) to work on /opt/airflow/dags/pipeline_orchestration/customer_churn_dag.py
[2025-03-02T16:19:13.461+0000] {processor.py:829} INFO - Processing file /opt/airflow/dags/pipeline_orchestration/customer_churn_dag.py for tasks to queue
[2025-03-02T16:19:13.462+0000] {logging_mixin.py:151} INFO - [2025-03-02T16:19:13.461+0000] {dagbag.py:539} INFO - Filling up the DagBag from /opt/airflow/dags/pipeline_orchestration/customer_churn_dag.py
[2025-03-02T16:19:13.490+0000] {processor.py:839} INFO - DAG(s) dict_keys(['customer_churn_pipeline']) retrieved from /opt/airflow/dags/pipeline_orchestration/customer_churn_dag.py
[2025-03-02T16:19:13.525+0000] {logging_mixin.py:151} INFO - [2025-03-02T16:19:13.525+0000] {dag.py:2915} INFO - Sync 1 DAGs
[2025-03-02T16:19:13.542+0000] {logging_mixin.py:151} INFO - [2025-03-02T16:19:13.542+0000] {dag.py:3696} INFO - Setting next_dagrun for customer_churn_pipeline to 2025-03-02T00:00:00+00:00, run_after=2025-03-03T00:00:00+00:00
[2025-03-02T16:19:13.556+0000] {processor.py:179} INFO - Processing /opt/airflow/dags/pipeline_orchestration/customer_churn_dag.py took 0.104 seconds
[2025-03-02T16:19:43.906+0000] {processor.py:157} INFO - Started process (PID=296) to work on /opt/airflow/dags/pipeline_orchestration/customer_churn_dag.py
[2025-03-02T16:19:43.907+0000] {processor.py:829} INFO - Processing file /opt/airflow/dags/pipeline_orchestration/customer_churn_dag.py for tasks to queue
[2025-03-02T16:19:43.908+0000] {logging_mixin.py:151} INFO - [2025-03-02T16:19:43.908+0000] {dagbag.py:539} INFO - Filling up the DagBag from /opt/airflow/dags/pipeline_orchestration/customer_churn_dag.py
[2025-03-02T16:19:43.941+0000] {processor.py:839} INFO - DAG(s) dict_keys(['customer_churn_pipeline']) retrieved from /opt/airflow/dags/pipeline_orchestration/customer_churn_dag.py
[2025-03-02T16:19:43.985+0000] {logging_mixin.py:151} INFO - [2025-03-02T16:19:43.985+0000] {dag.py:2915} INFO - Sync 1 DAGs
[2025-03-02T16:19:44.001+0000] {logging_mixin.py:151} INFO - [2025-03-02T16:19:44.001+0000] {dag.py:3696} INFO - Setting next_dagrun for customer_churn_pipeline to 2025-03-02T00:00:00+00:00, run_after=2025-03-03T00:00:00+00:00
[2025-03-02T16:19:44.011+0000] {processor.py:179} INFO - Processing /opt/airflow/dags/pipeline_orchestration/customer_churn_dag.py took 0.111 seconds
[2025-03-02T16:20:14.340+0000] {processor.py:157} INFO - Started process (PID=301) to work on /opt/airflow/dags/pipeline_orchestration/customer_churn_dag.py
[2025-03-02T16:20:14.342+0000] {processor.py:829} INFO - Processing file /opt/airflow/dags/pipeline_orchestration/customer_churn_dag.py for tasks to queue
[2025-03-02T16:20:14.343+0000] {logging_mixin.py:151} INFO - [2025-03-02T16:20:14.342+0000] {dagbag.py:539} INFO - Filling up the DagBag from /opt/airflow/dags/pipeline_orchestration/customer_churn_dag.py
[2025-03-02T16:20:14.377+0000] {processor.py:839} INFO - DAG(s) dict_keys(['customer_churn_pipeline']) retrieved from /opt/airflow/dags/pipeline_orchestration/customer_churn_dag.py
[2025-03-02T16:20:14.412+0000] {logging_mixin.py:151} INFO - [2025-03-02T16:20:14.412+0000] {dag.py:2915} INFO - Sync 1 DAGs
[2025-03-02T16:20:14.428+0000] {logging_mixin.py:151} INFO - [2025-03-02T16:20:14.428+0000] {dag.py:3696} INFO - Setting next_dagrun for customer_churn_pipeline to 2025-03-02T00:00:00+00:00, run_after=2025-03-03T00:00:00+00:00
[2025-03-02T16:20:14.439+0000] {processor.py:179} INFO - Processing /opt/airflow/dags/pipeline_orchestration/customer_churn_dag.py took 0.104 seconds
[2025-03-02T16:20:44.710+0000] {processor.py:157} INFO - Started process (PID=306) to work on /opt/airflow/dags/pipeline_orchestration/customer_churn_dag.py
[2025-03-02T16:20:44.713+0000] {processor.py:829} INFO - Processing file /opt/airflow/dags/pipeline_orchestration/customer_churn_dag.py for tasks to queue
[2025-03-02T16:20:44.714+0000] {logging_mixin.py:151} INFO - [2025-03-02T16:20:44.714+0000] {dagbag.py:539} INFO - Filling up the DagBag from /opt/airflow/dags/pipeline_orchestration/customer_churn_dag.py
[2025-03-02T16:20:44.745+0000] {processor.py:839} INFO - DAG(s) dict_keys(['customer_churn_pipeline']) retrieved from /opt/airflow/dags/pipeline_orchestration/customer_churn_dag.py
[2025-03-02T16:20:44.779+0000] {logging_mixin.py:151} INFO - [2025-03-02T16:20:44.779+0000] {dag.py:2915} INFO - Sync 1 DAGs
[2025-03-02T16:20:44.798+0000] {logging_mixin.py:151} INFO - [2025-03-02T16:20:44.798+0000] {dag.py:3696} INFO - Setting next_dagrun for customer_churn_pipeline to 2025-03-02T00:00:00+00:00, run_after=2025-03-03T00:00:00+00:00
[2025-03-02T16:20:44.809+0000] {processor.py:179} INFO - Processing /opt/airflow/dags/pipeline_orchestration/customer_churn_dag.py took 0.109 seconds
[2025-03-02T16:21:15.200+0000] {processor.py:157} INFO - Started process (PID=311) to work on /opt/airflow/dags/pipeline_orchestration/customer_churn_dag.py
[2025-03-02T16:21:15.202+0000] {processor.py:829} INFO - Processing file /opt/airflow/dags/pipeline_orchestration/customer_churn_dag.py for tasks to queue
[2025-03-02T16:21:15.203+0000] {logging_mixin.py:151} INFO - [2025-03-02T16:21:15.202+0000] {dagbag.py:539} INFO - Filling up the DagBag from /opt/airflow/dags/pipeline_orchestration/customer_churn_dag.py
[2025-03-02T16:21:15.237+0000] {processor.py:839} INFO - DAG(s) dict_keys(['customer_churn_pipeline']) retrieved from /opt/airflow/dags/pipeline_orchestration/customer_churn_dag.py
[2025-03-02T16:21:15.274+0000] {logging_mixin.py:151} INFO - [2025-03-02T16:21:15.274+0000] {dag.py:2915} INFO - Sync 1 DAGs
[2025-03-02T16:21:15.294+0000] {logging_mixin.py:151} INFO - [2025-03-02T16:21:15.294+0000] {dag.py:3696} INFO - Setting next_dagrun for customer_churn_pipeline to 2025-03-02T00:00:00+00:00, run_after=2025-03-03T00:00:00+00:00
[2025-03-02T16:21:15.304+0000] {processor.py:179} INFO - Processing /opt/airflow/dags/pipeline_orchestration/customer_churn_dag.py took 0.110 seconds
[2025-03-02T16:21:45.707+0000] {processor.py:157} INFO - Started process (PID=316) to work on /opt/airflow/dags/pipeline_orchestration/customer_churn_dag.py
[2025-03-02T16:21:45.708+0000] {processor.py:829} INFO - Processing file /opt/airflow/dags/pipeline_orchestration/customer_churn_dag.py for tasks to queue
[2025-03-02T16:21:45.709+0000] {logging_mixin.py:151} INFO - [2025-03-02T16:21:45.709+0000] {dagbag.py:539} INFO - Filling up the DagBag from /opt/airflow/dags/pipeline_orchestration/customer_churn_dag.py
[2025-03-02T16:21:45.737+0000] {processor.py:839} INFO - DAG(s) dict_keys(['customer_churn_pipeline']) retrieved from /opt/airflow/dags/pipeline_orchestration/customer_churn_dag.py
[2025-03-02T16:21:45.771+0000] {logging_mixin.py:151} INFO - [2025-03-02T16:21:45.771+0000] {dag.py:2915} INFO - Sync 1 DAGs
[2025-03-02T16:21:45.788+0000] {logging_mixin.py:151} INFO - [2025-03-02T16:21:45.788+0000] {dag.py:3696} INFO - Setting next_dagrun for customer_churn_pipeline to 2025-03-02T00:00:00+00:00, run_after=2025-03-03T00:00:00+00:00
[2025-03-02T16:21:45.797+0000] {processor.py:179} INFO - Processing /opt/airflow/dags/pipeline_orchestration/customer_churn_dag.py took 0.099 seconds
[2025-03-02T16:23:45.870+0000] {processor.py:157} INFO - Started process (PID=322) to work on /opt/airflow/dags/pipeline_orchestration/customer_churn_dag.py
[2025-03-02T16:23:45.872+0000] {processor.py:829} INFO - Processing file /opt/airflow/dags/pipeline_orchestration/customer_churn_dag.py for tasks to queue
[2025-03-02T16:23:45.873+0000] {logging_mixin.py:151} INFO - [2025-03-02T16:23:45.873+0000] {dagbag.py:539} INFO - Filling up the DagBag from /opt/airflow/dags/pipeline_orchestration/customer_churn_dag.py
[2025-03-02T16:23:45.905+0000] {processor.py:839} INFO - DAG(s) dict_keys(['customer_churn_pipeline']) retrieved from /opt/airflow/dags/pipeline_orchestration/customer_churn_dag.py
[2025-03-02T16:23:45.943+0000] {logging_mixin.py:151} INFO - [2025-03-02T16:23:45.943+0000] {dag.py:2915} INFO - Sync 1 DAGs
[2025-03-02T16:23:45.960+0000] {logging_mixin.py:151} INFO - [2025-03-02T16:23:45.960+0000] {dag.py:3696} INFO - Setting next_dagrun for customer_churn_pipeline to 2025-03-02T00:00:00+00:00, run_after=2025-03-03T00:00:00+00:00
[2025-03-02T16:23:45.969+0000] {processor.py:179} INFO - Processing /opt/airflow/dags/pipeline_orchestration/customer_churn_dag.py took 0.105 seconds
[2025-03-02T16:24:16.273+0000] {processor.py:157} INFO - Started process (PID=328) to work on /opt/airflow/dags/pipeline_orchestration/customer_churn_dag.py
[2025-03-02T16:24:16.274+0000] {processor.py:829} INFO - Processing file /opt/airflow/dags/pipeline_orchestration/customer_churn_dag.py for tasks to queue
[2025-03-02T16:24:16.276+0000] {logging_mixin.py:151} INFO - [2025-03-02T16:24:16.275+0000] {dagbag.py:539} INFO - Filling up the DagBag from /opt/airflow/dags/pipeline_orchestration/customer_churn_dag.py
[2025-03-02T16:24:16.305+0000] {processor.py:839} INFO - DAG(s) dict_keys(['customer_churn_pipeline']) retrieved from /opt/airflow/dags/pipeline_orchestration/customer_churn_dag.py
[2025-03-02T16:24:16.341+0000] {logging_mixin.py:151} INFO - [2025-03-02T16:24:16.340+0000] {dag.py:2915} INFO - Sync 1 DAGs
[2025-03-02T16:24:16.365+0000] {logging_mixin.py:151} INFO - [2025-03-02T16:24:16.365+0000] {dag.py:3696} INFO - Setting next_dagrun for customer_churn_pipeline to 2025-03-02T00:00:00+00:00, run_after=2025-03-03T00:00:00+00:00
[2025-03-02T16:24:16.376+0000] {processor.py:179} INFO - Processing /opt/airflow/dags/pipeline_orchestration/customer_churn_dag.py took 0.110 seconds
[2025-03-02T16:37:31.547+0000] {processor.py:157} INFO - Started process (PID=335) to work on /opt/airflow/dags/pipeline_orchestration/customer_churn_dag.py
[2025-03-02T16:37:31.553+0000] {processor.py:829} INFO - Processing file /opt/airflow/dags/pipeline_orchestration/customer_churn_dag.py for tasks to queue
[2025-03-02T16:37:31.556+0000] {logging_mixin.py:151} INFO - [2025-03-02T16:37:31.555+0000] {dagbag.py:539} INFO - Filling up the DagBag from /opt/airflow/dags/pipeline_orchestration/customer_churn_dag.py
[2025-03-02T16:37:31.643+0000] {processor.py:839} INFO - DAG(s) dict_keys(['customer_churn_pipeline']) retrieved from /opt/airflow/dags/pipeline_orchestration/customer_churn_dag.py
[2025-03-02T16:37:31.752+0000] {logging_mixin.py:151} INFO - [2025-03-02T16:37:31.751+0000] {dag.py:2915} INFO - Sync 1 DAGs
[2025-03-02T16:37:31.812+0000] {logging_mixin.py:151} INFO - [2025-03-02T16:37:31.812+0000] {dag.py:3696} INFO - Setting next_dagrun for customer_churn_pipeline to 2025-03-02T00:00:00+00:00, run_after=2025-03-03T00:00:00+00:00
[2025-03-02T16:37:31.861+0000] {processor.py:179} INFO - Processing /opt/airflow/dags/pipeline_orchestration/customer_churn_dag.py took 0.325 seconds
[2025-03-02T16:38:02.227+0000] {processor.py:157} INFO - Started process (PID=340) to work on /opt/airflow/dags/pipeline_orchestration/customer_churn_dag.py
[2025-03-02T16:38:02.230+0000] {processor.py:829} INFO - Processing file /opt/airflow/dags/pipeline_orchestration/customer_churn_dag.py for tasks to queue
[2025-03-02T16:38:02.232+0000] {logging_mixin.py:151} INFO - [2025-03-02T16:38:02.232+0000] {dagbag.py:539} INFO - Filling up the DagBag from /opt/airflow/dags/pipeline_orchestration/customer_churn_dag.py
[2025-03-02T16:38:02.273+0000] {processor.py:839} INFO - DAG(s) dict_keys(['customer_churn_pipeline']) retrieved from /opt/airflow/dags/pipeline_orchestration/customer_churn_dag.py
[2025-03-02T16:38:02.319+0000] {logging_mixin.py:151} INFO - [2025-03-02T16:38:02.319+0000] {dag.py:2915} INFO - Sync 1 DAGs
[2025-03-02T16:38:02.343+0000] {logging_mixin.py:151} INFO - [2025-03-02T16:38:02.342+0000] {dag.py:3696} INFO - Setting next_dagrun for customer_churn_pipeline to 2025-03-02T00:00:00+00:00, run_after=2025-03-03T00:00:00+00:00
[2025-03-02T16:38:02.356+0000] {processor.py:179} INFO - Processing /opt/airflow/dags/pipeline_orchestration/customer_churn_dag.py took 0.139 seconds
[2025-03-02T16:38:32.608+0000] {processor.py:157} INFO - Started process (PID=345) to work on /opt/airflow/dags/pipeline_orchestration/customer_churn_dag.py
[2025-03-02T16:38:32.611+0000] {processor.py:829} INFO - Processing file /opt/airflow/dags/pipeline_orchestration/customer_churn_dag.py for tasks to queue
[2025-03-02T16:38:32.615+0000] {logging_mixin.py:151} INFO - [2025-03-02T16:38:32.614+0000] {dagbag.py:539} INFO - Filling up the DagBag from /opt/airflow/dags/pipeline_orchestration/customer_churn_dag.py
[2025-03-02T16:38:32.652+0000] {processor.py:839} INFO - DAG(s) dict_keys(['customer_churn_pipeline']) retrieved from /opt/airflow/dags/pipeline_orchestration/customer_churn_dag.py
[2025-03-02T16:38:32.698+0000] {logging_mixin.py:151} INFO - [2025-03-02T16:38:32.698+0000] {dag.py:2915} INFO - Sync 1 DAGs
[2025-03-02T16:38:32.716+0000] {logging_mixin.py:151} INFO - [2025-03-02T16:38:32.716+0000] {dag.py:3696} INFO - Setting next_dagrun for customer_churn_pipeline to 2025-03-02T00:00:00+00:00, run_after=2025-03-03T00:00:00+00:00
[2025-03-02T16:38:32.729+0000] {processor.py:179} INFO - Processing /opt/airflow/dags/pipeline_orchestration/customer_churn_dag.py took 0.135 seconds
[2025-03-02T16:39:03.010+0000] {processor.py:157} INFO - Started process (PID=350) to work on /opt/airflow/dags/pipeline_orchestration/customer_churn_dag.py
[2025-03-02T16:39:03.013+0000] {processor.py:829} INFO - Processing file /opt/airflow/dags/pipeline_orchestration/customer_churn_dag.py for tasks to queue
[2025-03-02T16:39:03.015+0000] {logging_mixin.py:151} INFO - [2025-03-02T16:39:03.014+0000] {dagbag.py:539} INFO - Filling up the DagBag from /opt/airflow/dags/pipeline_orchestration/customer_churn_dag.py
[2025-03-02T16:39:03.053+0000] {processor.py:839} INFO - DAG(s) dict_keys(['customer_churn_pipeline']) retrieved from /opt/airflow/dags/pipeline_orchestration/customer_churn_dag.py
[2025-03-02T16:39:03.097+0000] {logging_mixin.py:151} INFO - [2025-03-02T16:39:03.097+0000] {dag.py:2915} INFO - Sync 1 DAGs
[2025-03-02T16:39:03.116+0000] {logging_mixin.py:151} INFO - [2025-03-02T16:39:03.116+0000] {dag.py:3696} INFO - Setting next_dagrun for customer_churn_pipeline to 2025-03-02T00:00:00+00:00, run_after=2025-03-03T00:00:00+00:00
[2025-03-02T16:39:03.129+0000] {processor.py:179} INFO - Processing /opt/airflow/dags/pipeline_orchestration/customer_churn_dag.py took 0.129 seconds
[2025-03-02T16:39:33.407+0000] {processor.py:157} INFO - Started process (PID=355) to work on /opt/airflow/dags/pipeline_orchestration/customer_churn_dag.py
[2025-03-02T16:39:33.409+0000] {processor.py:829} INFO - Processing file /opt/airflow/dags/pipeline_orchestration/customer_churn_dag.py for tasks to queue
[2025-03-02T16:39:33.411+0000] {logging_mixin.py:151} INFO - [2025-03-02T16:39:33.410+0000] {dagbag.py:539} INFO - Filling up the DagBag from /opt/airflow/dags/pipeline_orchestration/customer_churn_dag.py
[2025-03-02T16:39:33.452+0000] {processor.py:839} INFO - DAG(s) dict_keys(['customer_churn_pipeline']) retrieved from /opt/airflow/dags/pipeline_orchestration/customer_churn_dag.py
[2025-03-02T16:39:33.494+0000] {logging_mixin.py:151} INFO - [2025-03-02T16:39:33.494+0000] {dag.py:2915} INFO - Sync 1 DAGs
[2025-03-02T16:39:33.517+0000] {logging_mixin.py:151} INFO - [2025-03-02T16:39:33.517+0000] {dag.py:3696} INFO - Setting next_dagrun for customer_churn_pipeline to 2025-03-02T00:00:00+00:00, run_after=2025-03-03T00:00:00+00:00
[2025-03-02T16:39:33.530+0000] {processor.py:179} INFO - Processing /opt/airflow/dags/pipeline_orchestration/customer_churn_dag.py took 0.136 seconds
[2025-03-02T16:40:03.768+0000] {processor.py:157} INFO - Started process (PID=360) to work on /opt/airflow/dags/pipeline_orchestration/customer_churn_dag.py
[2025-03-02T16:40:03.770+0000] {processor.py:829} INFO - Processing file /opt/airflow/dags/pipeline_orchestration/customer_churn_dag.py for tasks to queue
[2025-03-02T16:40:03.772+0000] {logging_mixin.py:151} INFO - [2025-03-02T16:40:03.771+0000] {dagbag.py:539} INFO - Filling up the DagBag from /opt/airflow/dags/pipeline_orchestration/customer_churn_dag.py
[2025-03-02T16:40:03.806+0000] {processor.py:839} INFO - DAG(s) dict_keys(['customer_churn_pipeline']) retrieved from /opt/airflow/dags/pipeline_orchestration/customer_churn_dag.py
[2025-03-02T16:40:03.846+0000] {logging_mixin.py:151} INFO - [2025-03-02T16:40:03.845+0000] {dag.py:2915} INFO - Sync 1 DAGs
[2025-03-02T16:40:03.864+0000] {logging_mixin.py:151} INFO - [2025-03-02T16:40:03.863+0000] {dag.py:3696} INFO - Setting next_dagrun for customer_churn_pipeline to 2025-03-02T00:00:00+00:00, run_after=2025-03-03T00:00:00+00:00
[2025-03-02T16:40:03.874+0000] {processor.py:179} INFO - Processing /opt/airflow/dags/pipeline_orchestration/customer_churn_dag.py took 0.113 seconds
[2025-03-02T16:40:34.263+0000] {processor.py:157} INFO - Started process (PID=365) to work on /opt/airflow/dags/pipeline_orchestration/customer_churn_dag.py
[2025-03-02T16:40:34.266+0000] {processor.py:829} INFO - Processing file /opt/airflow/dags/pipeline_orchestration/customer_churn_dag.py for tasks to queue
[2025-03-02T16:40:34.267+0000] {logging_mixin.py:151} INFO - [2025-03-02T16:40:34.267+0000] {dagbag.py:539} INFO - Filling up the DagBag from /opt/airflow/dags/pipeline_orchestration/customer_churn_dag.py
[2025-03-02T16:40:34.302+0000] {processor.py:839} INFO - DAG(s) dict_keys(['customer_churn_pipeline']) retrieved from /opt/airflow/dags/pipeline_orchestration/customer_churn_dag.py
[2025-03-02T16:40:34.338+0000] {logging_mixin.py:151} INFO - [2025-03-02T16:40:34.338+0000] {dag.py:2915} INFO - Sync 1 DAGs
[2025-03-02T16:40:34.354+0000] {logging_mixin.py:151} INFO - [2025-03-02T16:40:34.354+0000] {dag.py:3696} INFO - Setting next_dagrun for customer_churn_pipeline to 2025-03-02T00:00:00+00:00, run_after=2025-03-03T00:00:00+00:00
[2025-03-02T16:40:34.369+0000] {processor.py:179} INFO - Processing /opt/airflow/dags/pipeline_orchestration/customer_churn_dag.py took 0.112 seconds
[2025-03-02T16:41:04.742+0000] {processor.py:157} INFO - Started process (PID=370) to work on /opt/airflow/dags/pipeline_orchestration/customer_churn_dag.py
[2025-03-02T16:41:04.745+0000] {processor.py:829} INFO - Processing file /opt/airflow/dags/pipeline_orchestration/customer_churn_dag.py for tasks to queue
[2025-03-02T16:41:04.746+0000] {logging_mixin.py:151} INFO - [2025-03-02T16:41:04.746+0000] {dagbag.py:539} INFO - Filling up the DagBag from /opt/airflow/dags/pipeline_orchestration/customer_churn_dag.py
[2025-03-02T16:41:04.780+0000] {processor.py:839} INFO - DAG(s) dict_keys(['customer_churn_pipeline']) retrieved from /opt/airflow/dags/pipeline_orchestration/customer_churn_dag.py
[2025-03-02T16:41:04.816+0000] {logging_mixin.py:151} INFO - [2025-03-02T16:41:04.816+0000] {dag.py:2915} INFO - Sync 1 DAGs
[2025-03-02T16:41:04.837+0000] {logging_mixin.py:151} INFO - [2025-03-02T16:41:04.837+0000] {dag.py:3696} INFO - Setting next_dagrun for customer_churn_pipeline to 2025-03-02T00:00:00+00:00, run_after=2025-03-03T00:00:00+00:00
[2025-03-02T16:41:04.847+0000] {processor.py:179} INFO - Processing /opt/airflow/dags/pipeline_orchestration/customer_churn_dag.py took 0.123 seconds
[2025-03-02T16:41:35.098+0000] {processor.py:157} INFO - Started process (PID=375) to work on /opt/airflow/dags/pipeline_orchestration/customer_churn_dag.py
[2025-03-02T16:41:35.102+0000] {processor.py:829} INFO - Processing file /opt/airflow/dags/pipeline_orchestration/customer_churn_dag.py for tasks to queue
[2025-03-02T16:41:35.103+0000] {logging_mixin.py:151} INFO - [2025-03-02T16:41:35.103+0000] {dagbag.py:539} INFO - Filling up the DagBag from /opt/airflow/dags/pipeline_orchestration/customer_churn_dag.py
[2025-03-02T16:41:35.139+0000] {processor.py:839} INFO - DAG(s) dict_keys(['customer_churn_pipeline']) retrieved from /opt/airflow/dags/pipeline_orchestration/customer_churn_dag.py
[2025-03-02T16:41:35.194+0000] {logging_mixin.py:151} INFO - [2025-03-02T16:41:35.194+0000] {dag.py:2915} INFO - Sync 1 DAGs
[2025-03-02T16:41:35.214+0000] {logging_mixin.py:151} INFO - [2025-03-02T16:41:35.214+0000] {dag.py:3696} INFO - Setting next_dagrun for customer_churn_pipeline to 2025-03-02T00:00:00+00:00, run_after=2025-03-03T00:00:00+00:00
[2025-03-02T16:41:35.225+0000] {processor.py:179} INFO - Processing /opt/airflow/dags/pipeline_orchestration/customer_churn_dag.py took 0.138 seconds
[2025-03-02T16:42:05.615+0000] {processor.py:157} INFO - Started process (PID=380) to work on /opt/airflow/dags/pipeline_orchestration/customer_churn_dag.py
[2025-03-02T16:42:05.617+0000] {processor.py:829} INFO - Processing file /opt/airflow/dags/pipeline_orchestration/customer_churn_dag.py for tasks to queue
[2025-03-02T16:42:05.619+0000] {logging_mixin.py:151} INFO - [2025-03-02T16:42:05.618+0000] {dagbag.py:539} INFO - Filling up the DagBag from /opt/airflow/dags/pipeline_orchestration/customer_churn_dag.py
[2025-03-02T16:42:05.650+0000] {processor.py:839} INFO - DAG(s) dict_keys(['customer_churn_pipeline']) retrieved from /opt/airflow/dags/pipeline_orchestration/customer_churn_dag.py
[2025-03-02T16:42:05.694+0000] {logging_mixin.py:151} INFO - [2025-03-02T16:42:05.694+0000] {dag.py:2915} INFO - Sync 1 DAGs
[2025-03-02T16:42:05.713+0000] {logging_mixin.py:151} INFO - [2025-03-02T16:42:05.713+0000] {dag.py:3696} INFO - Setting next_dagrun for customer_churn_pipeline to 2025-03-02T00:00:00+00:00, run_after=2025-03-03T00:00:00+00:00
[2025-03-02T16:42:05.727+0000] {processor.py:179} INFO - Processing /opt/airflow/dags/pipeline_orchestration/customer_churn_dag.py took 0.118 seconds
[2025-03-02T16:42:36.118+0000] {processor.py:157} INFO - Started process (PID=385) to work on /opt/airflow/dags/pipeline_orchestration/customer_churn_dag.py
[2025-03-02T16:42:36.120+0000] {processor.py:829} INFO - Processing file /opt/airflow/dags/pipeline_orchestration/customer_churn_dag.py for tasks to queue
[2025-03-02T16:42:36.122+0000] {logging_mixin.py:151} INFO - [2025-03-02T16:42:36.121+0000] {dagbag.py:539} INFO - Filling up the DagBag from /opt/airflow/dags/pipeline_orchestration/customer_churn_dag.py
[2025-03-02T16:42:36.162+0000] {processor.py:839} INFO - DAG(s) dict_keys(['customer_churn_pipeline']) retrieved from /opt/airflow/dags/pipeline_orchestration/customer_churn_dag.py
[2025-03-02T16:42:36.211+0000] {logging_mixin.py:151} INFO - [2025-03-02T16:42:36.211+0000] {dag.py:2915} INFO - Sync 1 DAGs
[2025-03-02T16:42:36.234+0000] {logging_mixin.py:151} INFO - [2025-03-02T16:42:36.234+0000] {dag.py:3696} INFO - Setting next_dagrun for customer_churn_pipeline to 2025-03-02T00:00:00+00:00, run_after=2025-03-03T00:00:00+00:00
[2025-03-02T16:42:36.250+0000] {processor.py:179} INFO - Processing /opt/airflow/dags/pipeline_orchestration/customer_churn_dag.py took 0.147 seconds
[2025-03-02T16:43:06.586+0000] {processor.py:157} INFO - Started process (PID=390) to work on /opt/airflow/dags/pipeline_orchestration/customer_churn_dag.py
[2025-03-02T16:43:06.588+0000] {processor.py:829} INFO - Processing file /opt/airflow/dags/pipeline_orchestration/customer_churn_dag.py for tasks to queue
[2025-03-02T16:43:06.590+0000] {logging_mixin.py:151} INFO - [2025-03-02T16:43:06.589+0000] {dagbag.py:539} INFO - Filling up the DagBag from /opt/airflow/dags/pipeline_orchestration/customer_churn_dag.py
[2025-03-02T16:43:06.627+0000] {processor.py:839} INFO - DAG(s) dict_keys(['customer_churn_pipeline']) retrieved from /opt/airflow/dags/pipeline_orchestration/customer_churn_dag.py
[2025-03-02T16:43:06.676+0000] {logging_mixin.py:151} INFO - [2025-03-02T16:43:06.676+0000] {dag.py:2915} INFO - Sync 1 DAGs
[2025-03-02T16:43:06.696+0000] {logging_mixin.py:151} INFO - [2025-03-02T16:43:06.696+0000] {dag.py:3696} INFO - Setting next_dagrun for customer_churn_pipeline to 2025-03-02T00:00:00+00:00, run_after=2025-03-03T00:00:00+00:00
[2025-03-02T16:43:06.710+0000] {processor.py:179} INFO - Processing /opt/airflow/dags/pipeline_orchestration/customer_churn_dag.py took 0.129 seconds
[2025-03-02T16:43:36.990+0000] {processor.py:157} INFO - Started process (PID=395) to work on /opt/airflow/dags/pipeline_orchestration/customer_churn_dag.py
[2025-03-02T16:43:36.993+0000] {processor.py:829} INFO - Processing file /opt/airflow/dags/pipeline_orchestration/customer_churn_dag.py for tasks to queue
[2025-03-02T16:43:37.001+0000] {logging_mixin.py:151} INFO - [2025-03-02T16:43:36.994+0000] {dagbag.py:539} INFO - Filling up the DagBag from /opt/airflow/dags/pipeline_orchestration/customer_churn_dag.py
[2025-03-02T16:43:37.084+0000] {processor.py:839} INFO - DAG(s) dict_keys(['customer_churn_pipeline']) retrieved from /opt/airflow/dags/pipeline_orchestration/customer_churn_dag.py
[2025-03-02T16:43:37.141+0000] {logging_mixin.py:151} INFO - [2025-03-02T16:43:37.141+0000] {dag.py:2915} INFO - Sync 1 DAGs
[2025-03-02T16:43:37.163+0000] {logging_mixin.py:151} INFO - [2025-03-02T16:43:37.163+0000] {dag.py:3696} INFO - Setting next_dagrun for customer_churn_pipeline to 2025-03-02T00:00:00+00:00, run_after=2025-03-03T00:00:00+00:00
[2025-03-02T16:43:37.179+0000] {processor.py:179} INFO - Processing /opt/airflow/dags/pipeline_orchestration/customer_churn_dag.py took 0.197 seconds
[2025-03-02T16:44:07.517+0000] {processor.py:157} INFO - Started process (PID=400) to work on /opt/airflow/dags/pipeline_orchestration/customer_churn_dag.py
[2025-03-02T16:44:07.519+0000] {processor.py:829} INFO - Processing file /opt/airflow/dags/pipeline_orchestration/customer_churn_dag.py for tasks to queue
[2025-03-02T16:44:07.521+0000] {logging_mixin.py:151} INFO - [2025-03-02T16:44:07.520+0000] {dagbag.py:539} INFO - Filling up the DagBag from /opt/airflow/dags/pipeline_orchestration/customer_churn_dag.py
[2025-03-02T16:44:07.552+0000] {processor.py:839} INFO - DAG(s) dict_keys(['customer_churn_pipeline']) retrieved from /opt/airflow/dags/pipeline_orchestration/customer_churn_dag.py
[2025-03-02T16:44:07.595+0000] {logging_mixin.py:151} INFO - [2025-03-02T16:44:07.595+0000] {dag.py:2915} INFO - Sync 1 DAGs
[2025-03-02T16:44:07.617+0000] {logging_mixin.py:151} INFO - [2025-03-02T16:44:07.617+0000] {dag.py:3696} INFO - Setting next_dagrun for customer_churn_pipeline to 2025-03-02T00:00:00+00:00, run_after=2025-03-03T00:00:00+00:00
[2025-03-02T16:44:07.627+0000] {processor.py:179} INFO - Processing /opt/airflow/dags/pipeline_orchestration/customer_churn_dag.py took 0.122 seconds
[2025-03-02T16:44:37.908+0000] {processor.py:157} INFO - Started process (PID=405) to work on /opt/airflow/dags/pipeline_orchestration/customer_churn_dag.py
[2025-03-02T16:44:37.916+0000] {processor.py:829} INFO - Processing file /opt/airflow/dags/pipeline_orchestration/customer_churn_dag.py for tasks to queue
[2025-03-02T16:44:37.919+0000] {logging_mixin.py:151} INFO - [2025-03-02T16:44:37.918+0000] {dagbag.py:539} INFO - Filling up the DagBag from /opt/airflow/dags/pipeline_orchestration/customer_churn_dag.py
[2025-03-02T16:44:37.959+0000] {processor.py:839} INFO - DAG(s) dict_keys(['customer_churn_pipeline']) retrieved from /opt/airflow/dags/pipeline_orchestration/customer_churn_dag.py
[2025-03-02T16:44:38.012+0000] {logging_mixin.py:151} INFO - [2025-03-02T16:44:38.011+0000] {dag.py:2915} INFO - Sync 1 DAGs
[2025-03-02T16:44:38.036+0000] {logging_mixin.py:151} INFO - [2025-03-02T16:44:38.036+0000] {dag.py:3696} INFO - Setting next_dagrun for customer_churn_pipeline to 2025-03-02T00:00:00+00:00, run_after=2025-03-03T00:00:00+00:00
[2025-03-02T16:44:38.052+0000] {processor.py:179} INFO - Processing /opt/airflow/dags/pipeline_orchestration/customer_churn_dag.py took 0.150 seconds
[2025-03-02T16:45:08.354+0000] {processor.py:157} INFO - Started process (PID=410) to work on /opt/airflow/dags/pipeline_orchestration/customer_churn_dag.py
[2025-03-02T16:45:08.357+0000] {processor.py:829} INFO - Processing file /opt/airflow/dags/pipeline_orchestration/customer_churn_dag.py for tasks to queue
[2025-03-02T16:45:08.358+0000] {logging_mixin.py:151} INFO - [2025-03-02T16:45:08.358+0000] {dagbag.py:539} INFO - Filling up the DagBag from /opt/airflow/dags/pipeline_orchestration/customer_churn_dag.py
[2025-03-02T16:45:08.399+0000] {processor.py:839} INFO - DAG(s) dict_keys(['customer_churn_pipeline']) retrieved from /opt/airflow/dags/pipeline_orchestration/customer_churn_dag.py
[2025-03-02T16:45:08.437+0000] {logging_mixin.py:151} INFO - [2025-03-02T16:45:08.436+0000] {dag.py:2915} INFO - Sync 1 DAGs
[2025-03-02T16:45:08.460+0000] {logging_mixin.py:151} INFO - [2025-03-02T16:45:08.460+0000] {dag.py:3696} INFO - Setting next_dagrun for customer_churn_pipeline to 2025-03-02T00:00:00+00:00, run_after=2025-03-03T00:00:00+00:00
[2025-03-02T16:45:08.471+0000] {processor.py:179} INFO - Processing /opt/airflow/dags/pipeline_orchestration/customer_churn_dag.py took 0.126 seconds
[2025-03-02T16:45:38.806+0000] {processor.py:157} INFO - Started process (PID=415) to work on /opt/airflow/dags/pipeline_orchestration/customer_churn_dag.py
[2025-03-02T16:45:38.809+0000] {processor.py:829} INFO - Processing file /opt/airflow/dags/pipeline_orchestration/customer_churn_dag.py for tasks to queue
[2025-03-02T16:45:38.812+0000] {logging_mixin.py:151} INFO - [2025-03-02T16:45:38.810+0000] {dagbag.py:539} INFO - Filling up the DagBag from /opt/airflow/dags/pipeline_orchestration/customer_churn_dag.py
[2025-03-02T16:45:38.849+0000] {processor.py:839} INFO - DAG(s) dict_keys(['customer_churn_pipeline']) retrieved from /opt/airflow/dags/pipeline_orchestration/customer_churn_dag.py
[2025-03-02T16:45:38.889+0000] {logging_mixin.py:151} INFO - [2025-03-02T16:45:38.888+0000] {dag.py:2915} INFO - Sync 1 DAGs
[2025-03-02T16:45:38.907+0000] {logging_mixin.py:151} INFO - [2025-03-02T16:45:38.907+0000] {dag.py:3696} INFO - Setting next_dagrun for customer_churn_pipeline to 2025-03-02T00:00:00+00:00, run_after=2025-03-03T00:00:00+00:00
[2025-03-02T16:45:38.917+0000] {processor.py:179} INFO - Processing /opt/airflow/dags/pipeline_orchestration/customer_churn_dag.py took 0.118 seconds
[2025-03-02T16:46:09.175+0000] {processor.py:157} INFO - Started process (PID=420) to work on /opt/airflow/dags/pipeline_orchestration/customer_churn_dag.py
[2025-03-02T16:46:09.178+0000] {processor.py:829} INFO - Processing file /opt/airflow/dags/pipeline_orchestration/customer_churn_dag.py for tasks to queue
[2025-03-02T16:46:09.180+0000] {logging_mixin.py:151} INFO - [2025-03-02T16:46:09.180+0000] {dagbag.py:539} INFO - Filling up the DagBag from /opt/airflow/dags/pipeline_orchestration/customer_churn_dag.py
[2025-03-02T16:46:09.211+0000] {processor.py:839} INFO - DAG(s) dict_keys(['customer_churn_pipeline']) retrieved from /opt/airflow/dags/pipeline_orchestration/customer_churn_dag.py
[2025-03-02T16:46:09.257+0000] {logging_mixin.py:151} INFO - [2025-03-02T16:46:09.257+0000] {dag.py:2915} INFO - Sync 1 DAGs
[2025-03-02T16:46:09.278+0000] {logging_mixin.py:151} INFO - [2025-03-02T16:46:09.278+0000] {dag.py:3696} INFO - Setting next_dagrun for customer_churn_pipeline to 2025-03-02T00:00:00+00:00, run_after=2025-03-03T00:00:00+00:00
[2025-03-02T16:46:09.289+0000] {processor.py:179} INFO - Processing /opt/airflow/dags/pipeline_orchestration/customer_churn_dag.py took 0.126 seconds
[2025-03-02T16:46:39.594+0000] {processor.py:157} INFO - Started process (PID=425) to work on /opt/airflow/dags/pipeline_orchestration/customer_churn_dag.py
[2025-03-02T16:46:39.596+0000] {processor.py:829} INFO - Processing file /opt/airflow/dags/pipeline_orchestration/customer_churn_dag.py for tasks to queue
[2025-03-02T16:46:39.598+0000] {logging_mixin.py:151} INFO - [2025-03-02T16:46:39.597+0000] {dagbag.py:539} INFO - Filling up the DagBag from /opt/airflow/dags/pipeline_orchestration/customer_churn_dag.py
[2025-03-02T16:46:39.629+0000] {processor.py:839} INFO - DAG(s) dict_keys(['customer_churn_pipeline']) retrieved from /opt/airflow/dags/pipeline_orchestration/customer_churn_dag.py
[2025-03-02T16:46:39.665+0000] {logging_mixin.py:151} INFO - [2025-03-02T16:46:39.665+0000] {dag.py:2915} INFO - Sync 1 DAGs
[2025-03-02T16:46:39.688+0000] {logging_mixin.py:151} INFO - [2025-03-02T16:46:39.688+0000] {dag.py:3696} INFO - Setting next_dagrun for customer_churn_pipeline to 2025-03-02T00:00:00+00:00, run_after=2025-03-03T00:00:00+00:00
[2025-03-02T16:46:39.700+0000] {processor.py:179} INFO - Processing /opt/airflow/dags/pipeline_orchestration/customer_churn_dag.py took 0.120 seconds
[2025-03-02T16:47:10.028+0000] {processor.py:157} INFO - Started process (PID=430) to work on /opt/airflow/dags/pipeline_orchestration/customer_churn_dag.py
[2025-03-02T16:47:10.030+0000] {processor.py:829} INFO - Processing file /opt/airflow/dags/pipeline_orchestration/customer_churn_dag.py for tasks to queue
[2025-03-02T16:47:10.032+0000] {logging_mixin.py:151} INFO - [2025-03-02T16:47:10.031+0000] {dagbag.py:539} INFO - Filling up the DagBag from /opt/airflow/dags/pipeline_orchestration/customer_churn_dag.py
[2025-03-02T16:47:10.061+0000] {processor.py:839} INFO - DAG(s) dict_keys(['customer_churn_pipeline']) retrieved from /opt/airflow/dags/pipeline_orchestration/customer_churn_dag.py
[2025-03-02T16:47:10.095+0000] {logging_mixin.py:151} INFO - [2025-03-02T16:47:10.095+0000] {dag.py:2915} INFO - Sync 1 DAGs
[2025-03-02T16:47:10.117+0000] {logging_mixin.py:151} INFO - [2025-03-02T16:47:10.117+0000] {dag.py:3696} INFO - Setting next_dagrun for customer_churn_pipeline to 2025-03-02T00:00:00+00:00, run_after=2025-03-03T00:00:00+00:00
[2025-03-02T16:47:10.127+0000] {processor.py:179} INFO - Processing /opt/airflow/dags/pipeline_orchestration/customer_churn_dag.py took 0.106 seconds
[2025-03-02T16:47:40.425+0000] {processor.py:157} INFO - Started process (PID=435) to work on /opt/airflow/dags/pipeline_orchestration/customer_churn_dag.py
[2025-03-02T16:47:40.428+0000] {processor.py:829} INFO - Processing file /opt/airflow/dags/pipeline_orchestration/customer_churn_dag.py for tasks to queue
[2025-03-02T16:47:40.430+0000] {logging_mixin.py:151} INFO - [2025-03-02T16:47:40.429+0000] {dagbag.py:539} INFO - Filling up the DagBag from /opt/airflow/dags/pipeline_orchestration/customer_churn_dag.py
[2025-03-02T16:47:40.464+0000] {processor.py:839} INFO - DAG(s) dict_keys(['customer_churn_pipeline']) retrieved from /opt/airflow/dags/pipeline_orchestration/customer_churn_dag.py
[2025-03-02T16:47:40.503+0000] {logging_mixin.py:151} INFO - [2025-03-02T16:47:40.503+0000] {dag.py:2915} INFO - Sync 1 DAGs
[2025-03-02T16:47:40.525+0000] {logging_mixin.py:151} INFO - [2025-03-02T16:47:40.525+0000] {dag.py:3696} INFO - Setting next_dagrun for customer_churn_pipeline to 2025-03-02T00:00:00+00:00, run_after=2025-03-03T00:00:00+00:00
[2025-03-02T16:47:40.535+0000] {processor.py:179} INFO - Processing /opt/airflow/dags/pipeline_orchestration/customer_churn_dag.py took 0.118 seconds
[2025-03-02T16:48:10.829+0000] {processor.py:157} INFO - Started process (PID=440) to work on /opt/airflow/dags/pipeline_orchestration/customer_churn_dag.py
[2025-03-02T16:48:10.831+0000] {processor.py:829} INFO - Processing file /opt/airflow/dags/pipeline_orchestration/customer_churn_dag.py for tasks to queue
[2025-03-02T16:48:10.832+0000] {logging_mixin.py:151} INFO - [2025-03-02T16:48:10.832+0000] {dagbag.py:539} INFO - Filling up the DagBag from /opt/airflow/dags/pipeline_orchestration/customer_churn_dag.py
[2025-03-02T16:48:10.872+0000] {processor.py:839} INFO - DAG(s) dict_keys(['customer_churn_pipeline']) retrieved from /opt/airflow/dags/pipeline_orchestration/customer_churn_dag.py
[2025-03-02T16:48:10.919+0000] {logging_mixin.py:151} INFO - [2025-03-02T16:48:10.919+0000] {dag.py:2915} INFO - Sync 1 DAGs
[2025-03-02T16:48:10.936+0000] {logging_mixin.py:151} INFO - [2025-03-02T16:48:10.936+0000] {dag.py:3696} INFO - Setting next_dagrun for customer_churn_pipeline to 2025-03-02T00:00:00+00:00, run_after=2025-03-03T00:00:00+00:00
[2025-03-02T16:48:10.946+0000] {processor.py:179} INFO - Processing /opt/airflow/dags/pipeline_orchestration/customer_churn_dag.py took 0.123 seconds
[2025-03-02T16:48:41.257+0000] {processor.py:157} INFO - Started process (PID=445) to work on /opt/airflow/dags/pipeline_orchestration/customer_churn_dag.py
[2025-03-02T16:48:41.260+0000] {processor.py:829} INFO - Processing file /opt/airflow/dags/pipeline_orchestration/customer_churn_dag.py for tasks to queue
[2025-03-02T16:48:41.261+0000] {logging_mixin.py:151} INFO - [2025-03-02T16:48:41.261+0000] {dagbag.py:539} INFO - Filling up the DagBag from /opt/airflow/dags/pipeline_orchestration/customer_churn_dag.py
[2025-03-02T16:48:41.295+0000] {processor.py:839} INFO - DAG(s) dict_keys(['customer_churn_pipeline']) retrieved from /opt/airflow/dags/pipeline_orchestration/customer_churn_dag.py
[2025-03-02T16:48:41.334+0000] {logging_mixin.py:151} INFO - [2025-03-02T16:48:41.334+0000] {dag.py:2915} INFO - Sync 1 DAGs
[2025-03-02T16:48:41.351+0000] {logging_mixin.py:151} INFO - [2025-03-02T16:48:41.350+0000] {dag.py:3696} INFO - Setting next_dagrun for customer_churn_pipeline to 2025-03-02T00:00:00+00:00, run_after=2025-03-03T00:00:00+00:00
[2025-03-02T16:48:41.360+0000] {processor.py:179} INFO - Processing /opt/airflow/dags/pipeline_orchestration/customer_churn_dag.py took 0.112 seconds
[2025-03-02T16:49:11.671+0000] {processor.py:157} INFO - Started process (PID=450) to work on /opt/airflow/dags/pipeline_orchestration/customer_churn_dag.py
[2025-03-02T16:49:11.673+0000] {processor.py:829} INFO - Processing file /opt/airflow/dags/pipeline_orchestration/customer_churn_dag.py for tasks to queue
[2025-03-02T16:49:11.674+0000] {logging_mixin.py:151} INFO - [2025-03-02T16:49:11.674+0000] {dagbag.py:539} INFO - Filling up the DagBag from /opt/airflow/dags/pipeline_orchestration/customer_churn_dag.py
[2025-03-02T16:49:11.710+0000] {processor.py:839} INFO - DAG(s) dict_keys(['customer_churn_pipeline']) retrieved from /opt/airflow/dags/pipeline_orchestration/customer_churn_dag.py
[2025-03-02T16:49:11.746+0000] {logging_mixin.py:151} INFO - [2025-03-02T16:49:11.746+0000] {dag.py:2915} INFO - Sync 1 DAGs
[2025-03-02T16:49:11.767+0000] {logging_mixin.py:151} INFO - [2025-03-02T16:49:11.767+0000] {dag.py:3696} INFO - Setting next_dagrun for customer_churn_pipeline to 2025-03-02T00:00:00+00:00, run_after=2025-03-03T00:00:00+00:00
[2025-03-02T16:49:11.778+0000] {processor.py:179} INFO - Processing /opt/airflow/dags/pipeline_orchestration/customer_churn_dag.py took 0.116 seconds
[2025-03-02T16:49:42.120+0000] {processor.py:157} INFO - Started process (PID=455) to work on /opt/airflow/dags/pipeline_orchestration/customer_churn_dag.py
[2025-03-02T16:49:42.123+0000] {processor.py:829} INFO - Processing file /opt/airflow/dags/pipeline_orchestration/customer_churn_dag.py for tasks to queue
[2025-03-02T16:49:42.126+0000] {logging_mixin.py:151} INFO - [2025-03-02T16:49:42.123+0000] {dagbag.py:539} INFO - Filling up the DagBag from /opt/airflow/dags/pipeline_orchestration/customer_churn_dag.py
[2025-03-02T16:49:42.160+0000] {processor.py:839} INFO - DAG(s) dict_keys(['customer_churn_pipeline']) retrieved from /opt/airflow/dags/pipeline_orchestration/customer_churn_dag.py
[2025-03-02T16:49:42.243+0000] {logging_mixin.py:151} INFO - [2025-03-02T16:49:42.243+0000] {dag.py:2915} INFO - Sync 1 DAGs
[2025-03-02T16:49:42.269+0000] {logging_mixin.py:151} INFO - [2025-03-02T16:49:42.269+0000] {dag.py:3696} INFO - Setting next_dagrun for customer_churn_pipeline to 2025-03-02T00:00:00+00:00, run_after=2025-03-03T00:00:00+00:00
[2025-03-02T16:49:42.285+0000] {processor.py:179} INFO - Processing /opt/airflow/dags/pipeline_orchestration/customer_churn_dag.py took 0.171 seconds
[2025-03-02T16:50:12.644+0000] {processor.py:157} INFO - Started process (PID=460) to work on /opt/airflow/dags/pipeline_orchestration/customer_churn_dag.py
[2025-03-02T16:50:12.650+0000] {processor.py:829} INFO - Processing file /opt/airflow/dags/pipeline_orchestration/customer_churn_dag.py for tasks to queue
[2025-03-02T16:50:12.653+0000] {logging_mixin.py:151} INFO - [2025-03-02T16:50:12.652+0000] {dagbag.py:539} INFO - Filling up the DagBag from /opt/airflow/dags/pipeline_orchestration/customer_churn_dag.py
[2025-03-02T16:50:12.727+0000] {processor.py:839} INFO - DAG(s) dict_keys(['customer_churn_pipeline']) retrieved from /opt/airflow/dags/pipeline_orchestration/customer_churn_dag.py
[2025-03-02T16:50:12.770+0000] {logging_mixin.py:151} INFO - [2025-03-02T16:50:12.770+0000] {dag.py:2915} INFO - Sync 1 DAGs
[2025-03-02T16:50:12.788+0000] {logging_mixin.py:151} INFO - [2025-03-02T16:50:12.788+0000] {dag.py:3696} INFO - Setting next_dagrun for customer_churn_pipeline to 2025-03-02T00:00:00+00:00, run_after=2025-03-03T00:00:00+00:00
[2025-03-02T16:50:12.798+0000] {processor.py:179} INFO - Processing /opt/airflow/dags/pipeline_orchestration/customer_churn_dag.py took 0.174 seconds
[2025-03-02T16:50:43.054+0000] {processor.py:157} INFO - Started process (PID=465) to work on /opt/airflow/dags/pipeline_orchestration/customer_churn_dag.py
[2025-03-02T16:50:43.057+0000] {processor.py:829} INFO - Processing file /opt/airflow/dags/pipeline_orchestration/customer_churn_dag.py for tasks to queue
[2025-03-02T16:50:43.059+0000] {logging_mixin.py:151} INFO - [2025-03-02T16:50:43.058+0000] {dagbag.py:539} INFO - Filling up the DagBag from /opt/airflow/dags/pipeline_orchestration/customer_churn_dag.py
[2025-03-02T16:50:43.098+0000] {processor.py:839} INFO - DAG(s) dict_keys(['customer_churn_pipeline']) retrieved from /opt/airflow/dags/pipeline_orchestration/customer_churn_dag.py
[2025-03-02T16:50:43.134+0000] {logging_mixin.py:151} INFO - [2025-03-02T16:50:43.134+0000] {dag.py:2915} INFO - Sync 1 DAGs
[2025-03-02T16:50:43.151+0000] {logging_mixin.py:151} INFO - [2025-03-02T16:50:43.151+0000] {dag.py:3696} INFO - Setting next_dagrun for customer_churn_pipeline to 2025-03-02T00:00:00+00:00, run_after=2025-03-03T00:00:00+00:00
[2025-03-02T16:50:43.160+0000] {processor.py:179} INFO - Processing /opt/airflow/dags/pipeline_orchestration/customer_churn_dag.py took 0.117 seconds
[2025-03-02T16:51:13.485+0000] {processor.py:157} INFO - Started process (PID=470) to work on /opt/airflow/dags/pipeline_orchestration/customer_churn_dag.py
[2025-03-02T16:51:13.487+0000] {processor.py:829} INFO - Processing file /opt/airflow/dags/pipeline_orchestration/customer_churn_dag.py for tasks to queue
[2025-03-02T16:51:13.489+0000] {logging_mixin.py:151} INFO - [2025-03-02T16:51:13.488+0000] {dagbag.py:539} INFO - Filling up the DagBag from /opt/airflow/dags/pipeline_orchestration/customer_churn_dag.py
[2025-03-02T16:51:13.526+0000] {processor.py:839} INFO - DAG(s) dict_keys(['customer_churn_pipeline']) retrieved from /opt/airflow/dags/pipeline_orchestration/customer_churn_dag.py
[2025-03-02T16:51:13.567+0000] {logging_mixin.py:151} INFO - [2025-03-02T16:51:13.567+0000] {dag.py:2915} INFO - Sync 1 DAGs
[2025-03-02T16:51:13.586+0000] {logging_mixin.py:151} INFO - [2025-03-02T16:51:13.586+0000] {dag.py:3696} INFO - Setting next_dagrun for customer_churn_pipeline to 2025-03-02T00:00:00+00:00, run_after=2025-03-03T00:00:00+00:00
[2025-03-02T16:51:13.596+0000] {processor.py:179} INFO - Processing /opt/airflow/dags/pipeline_orchestration/customer_churn_dag.py took 0.121 seconds
[2025-03-02T16:51:43.900+0000] {processor.py:157} INFO - Started process (PID=475) to work on /opt/airflow/dags/pipeline_orchestration/customer_churn_dag.py
[2025-03-02T16:51:43.903+0000] {processor.py:829} INFO - Processing file /opt/airflow/dags/pipeline_orchestration/customer_churn_dag.py for tasks to queue
[2025-03-02T16:51:43.904+0000] {logging_mixin.py:151} INFO - [2025-03-02T16:51:43.904+0000] {dagbag.py:539} INFO - Filling up the DagBag from /opt/airflow/dags/pipeline_orchestration/customer_churn_dag.py
[2025-03-02T16:51:43.939+0000] {processor.py:839} INFO - DAG(s) dict_keys(['customer_churn_pipeline']) retrieved from /opt/airflow/dags/pipeline_orchestration/customer_churn_dag.py
[2025-03-02T16:51:43.982+0000] {logging_mixin.py:151} INFO - [2025-03-02T16:51:43.982+0000] {dag.py:2915} INFO - Sync 1 DAGs
[2025-03-02T16:51:44.014+0000] {logging_mixin.py:151} INFO - [2025-03-02T16:51:44.014+0000] {dag.py:3696} INFO - Setting next_dagrun for customer_churn_pipeline to 2025-03-02T00:00:00+00:00, run_after=2025-03-03T00:00:00+00:00
[2025-03-02T16:51:44.030+0000] {processor.py:179} INFO - Processing /opt/airflow/dags/pipeline_orchestration/customer_churn_dag.py took 0.136 seconds
[2025-03-02T16:52:14.473+0000] {processor.py:157} INFO - Started process (PID=480) to work on /opt/airflow/dags/pipeline_orchestration/customer_churn_dag.py
[2025-03-02T16:52:14.477+0000] {processor.py:829} INFO - Processing file /opt/airflow/dags/pipeline_orchestration/customer_churn_dag.py for tasks to queue
[2025-03-02T16:52:14.479+0000] {logging_mixin.py:151} INFO - [2025-03-02T16:52:14.479+0000] {dagbag.py:539} INFO - Filling up the DagBag from /opt/airflow/dags/pipeline_orchestration/customer_churn_dag.py
[2025-03-02T16:52:14.504+0000] {processor.py:839} INFO - DAG(s) dict_keys(['customer_churn_pipeline']) retrieved from /opt/airflow/dags/pipeline_orchestration/customer_churn_dag.py
[2025-03-02T16:52:14.548+0000] {logging_mixin.py:151} INFO - [2025-03-02T16:52:14.548+0000] {dag.py:2915} INFO - Sync 1 DAGs
[2025-03-02T16:52:14.563+0000] {logging_mixin.py:151} INFO - [2025-03-02T16:52:14.563+0000] {dag.py:3696} INFO - Setting next_dagrun for customer_churn_pipeline to 2025-03-02T00:00:00+00:00, run_after=2025-03-03T00:00:00+00:00
[2025-03-02T16:52:14.574+0000] {processor.py:179} INFO - Processing /opt/airflow/dags/pipeline_orchestration/customer_churn_dag.py took 0.107 seconds
[2025-03-02T16:52:44.974+0000] {processor.py:157} INFO - Started process (PID=485) to work on /opt/airflow/dags/pipeline_orchestration/customer_churn_dag.py
[2025-03-02T16:52:44.976+0000] {processor.py:829} INFO - Processing file /opt/airflow/dags/pipeline_orchestration/customer_churn_dag.py for tasks to queue
[2025-03-02T16:52:44.979+0000] {logging_mixin.py:151} INFO - [2025-03-02T16:52:44.978+0000] {dagbag.py:539} INFO - Filling up the DagBag from /opt/airflow/dags/pipeline_orchestration/customer_churn_dag.py
[2025-03-02T16:52:45.018+0000] {processor.py:839} INFO - DAG(s) dict_keys(['customer_churn_pipeline']) retrieved from /opt/airflow/dags/pipeline_orchestration/customer_churn_dag.py
[2025-03-02T16:52:45.054+0000] {logging_mixin.py:151} INFO - [2025-03-02T16:52:45.054+0000] {dag.py:2915} INFO - Sync 1 DAGs
[2025-03-02T16:52:45.095+0000] {logging_mixin.py:151} INFO - [2025-03-02T16:52:45.095+0000] {dag.py:3696} INFO - Setting next_dagrun for customer_churn_pipeline to 2025-03-02T00:00:00+00:00, run_after=2025-03-03T00:00:00+00:00
[2025-03-02T16:52:45.106+0000] {processor.py:179} INFO - Processing /opt/airflow/dags/pipeline_orchestration/customer_churn_dag.py took 0.138 seconds
[2025-03-02T16:53:15.337+0000] {processor.py:157} INFO - Started process (PID=490) to work on /opt/airflow/dags/pipeline_orchestration/customer_churn_dag.py
[2025-03-02T16:53:15.339+0000] {processor.py:829} INFO - Processing file /opt/airflow/dags/pipeline_orchestration/customer_churn_dag.py for tasks to queue
[2025-03-02T16:53:15.341+0000] {logging_mixin.py:151} INFO - [2025-03-02T16:53:15.340+0000] {dagbag.py:539} INFO - Filling up the DagBag from /opt/airflow/dags/pipeline_orchestration/customer_churn_dag.py
[2025-03-02T16:53:15.369+0000] {processor.py:839} INFO - DAG(s) dict_keys(['customer_churn_pipeline']) retrieved from /opt/airflow/dags/pipeline_orchestration/customer_churn_dag.py
[2025-03-02T16:53:15.397+0000] {logging_mixin.py:151} INFO - [2025-03-02T16:53:15.397+0000] {dag.py:2915} INFO - Sync 1 DAGs
[2025-03-02T16:53:15.412+0000] {logging_mixin.py:151} INFO - [2025-03-02T16:53:15.412+0000] {dag.py:3696} INFO - Setting next_dagrun for customer_churn_pipeline to 2025-03-02T00:00:00+00:00, run_after=2025-03-03T00:00:00+00:00
[2025-03-02T16:53:15.422+0000] {processor.py:179} INFO - Processing /opt/airflow/dags/pipeline_orchestration/customer_churn_dag.py took 0.093 seconds
[2025-03-02T16:53:45.818+0000] {processor.py:157} INFO - Started process (PID=495) to work on /opt/airflow/dags/pipeline_orchestration/customer_churn_dag.py
[2025-03-02T16:53:45.821+0000] {processor.py:829} INFO - Processing file /opt/airflow/dags/pipeline_orchestration/customer_churn_dag.py for tasks to queue
[2025-03-02T16:53:45.822+0000] {logging_mixin.py:151} INFO - [2025-03-02T16:53:45.822+0000] {dagbag.py:539} INFO - Filling up the DagBag from /opt/airflow/dags/pipeline_orchestration/customer_churn_dag.py
[2025-03-02T16:53:45.858+0000] {processor.py:839} INFO - DAG(s) dict_keys(['customer_churn_pipeline']) retrieved from /opt/airflow/dags/pipeline_orchestration/customer_churn_dag.py
[2025-03-02T16:53:45.892+0000] {logging_mixin.py:151} INFO - [2025-03-02T16:53:45.892+0000] {dag.py:2915} INFO - Sync 1 DAGs
[2025-03-02T16:53:45.913+0000] {logging_mixin.py:151} INFO - [2025-03-02T16:53:45.913+0000] {dag.py:3696} INFO - Setting next_dagrun for customer_churn_pipeline to 2025-03-02T00:00:00+00:00, run_after=2025-03-03T00:00:00+00:00
[2025-03-02T16:53:45.922+0000] {processor.py:179} INFO - Processing /opt/airflow/dags/pipeline_orchestration/customer_churn_dag.py took 0.117 seconds
[2025-03-02T16:54:16.240+0000] {processor.py:157} INFO - Started process (PID=500) to work on /opt/airflow/dags/pipeline_orchestration/customer_churn_dag.py
[2025-03-02T16:54:16.242+0000] {processor.py:829} INFO - Processing file /opt/airflow/dags/pipeline_orchestration/customer_churn_dag.py for tasks to queue
[2025-03-02T16:54:16.243+0000] {logging_mixin.py:151} INFO - [2025-03-02T16:54:16.242+0000] {dagbag.py:539} INFO - Filling up the DagBag from /opt/airflow/dags/pipeline_orchestration/customer_churn_dag.py
[2025-03-02T16:54:16.272+0000] {processor.py:839} INFO - DAG(s) dict_keys(['customer_churn_pipeline']) retrieved from /opt/airflow/dags/pipeline_orchestration/customer_churn_dag.py
[2025-03-02T16:54:16.310+0000] {logging_mixin.py:151} INFO - [2025-03-02T16:54:16.310+0000] {dag.py:2915} INFO - Sync 1 DAGs
[2025-03-02T16:54:16.327+0000] {logging_mixin.py:151} INFO - [2025-03-02T16:54:16.327+0000] {dag.py:3696} INFO - Setting next_dagrun for customer_churn_pipeline to 2025-03-02T00:00:00+00:00, run_after=2025-03-03T00:00:00+00:00
[2025-03-02T16:54:16.336+0000] {processor.py:179} INFO - Processing /opt/airflow/dags/pipeline_orchestration/customer_churn_dag.py took 0.105 seconds
[2025-03-02T16:54:46.609+0000] {processor.py:157} INFO - Started process (PID=505) to work on /opt/airflow/dags/pipeline_orchestration/customer_churn_dag.py
[2025-03-02T16:54:46.614+0000] {processor.py:829} INFO - Processing file /opt/airflow/dags/pipeline_orchestration/customer_churn_dag.py for tasks to queue
[2025-03-02T16:54:46.617+0000] {logging_mixin.py:151} INFO - [2025-03-02T16:54:46.616+0000] {dagbag.py:539} INFO - Filling up the DagBag from /opt/airflow/dags/pipeline_orchestration/customer_churn_dag.py
[2025-03-02T16:54:46.647+0000] {processor.py:839} INFO - DAG(s) dict_keys(['customer_churn_pipeline']) retrieved from /opt/airflow/dags/pipeline_orchestration/customer_churn_dag.py
[2025-03-02T16:54:46.680+0000] {logging_mixin.py:151} INFO - [2025-03-02T16:54:46.680+0000] {dag.py:2915} INFO - Sync 1 DAGs
[2025-03-02T16:54:46.694+0000] {logging_mixin.py:151} INFO - [2025-03-02T16:54:46.694+0000] {dag.py:3696} INFO - Setting next_dagrun for customer_churn_pipeline to 2025-03-02T00:00:00+00:00, run_after=2025-03-03T00:00:00+00:00
[2025-03-02T16:54:46.704+0000] {processor.py:179} INFO - Processing /opt/airflow/dags/pipeline_orchestration/customer_churn_dag.py took 0.103 seconds
[2025-03-02T16:55:17.003+0000] {processor.py:157} INFO - Started process (PID=510) to work on /opt/airflow/dags/pipeline_orchestration/customer_churn_dag.py
[2025-03-02T16:55:17.007+0000] {processor.py:829} INFO - Processing file /opt/airflow/dags/pipeline_orchestration/customer_churn_dag.py for tasks to queue
[2025-03-02T16:55:17.009+0000] {logging_mixin.py:151} INFO - [2025-03-02T16:55:17.008+0000] {dagbag.py:539} INFO - Filling up the DagBag from /opt/airflow/dags/pipeline_orchestration/customer_churn_dag.py
[2025-03-02T16:55:17.037+0000] {processor.py:839} INFO - DAG(s) dict_keys(['customer_churn_pipeline']) retrieved from /opt/airflow/dags/pipeline_orchestration/customer_churn_dag.py
[2025-03-02T16:55:17.078+0000] {logging_mixin.py:151} INFO - [2025-03-02T16:55:17.078+0000] {dag.py:2915} INFO - Sync 1 DAGs
[2025-03-02T16:55:17.112+0000] {logging_mixin.py:151} INFO - [2025-03-02T16:55:17.112+0000] {dag.py:3696} INFO - Setting next_dagrun for customer_churn_pipeline to 2025-03-02T00:00:00+00:00, run_after=2025-03-03T00:00:00+00:00
[2025-03-02T16:55:17.123+0000] {processor.py:179} INFO - Processing /opt/airflow/dags/pipeline_orchestration/customer_churn_dag.py took 0.126 seconds
[2025-03-02T16:55:47.462+0000] {processor.py:157} INFO - Started process (PID=515) to work on /opt/airflow/dags/pipeline_orchestration/customer_churn_dag.py
[2025-03-02T16:55:47.465+0000] {processor.py:829} INFO - Processing file /opt/airflow/dags/pipeline_orchestration/customer_churn_dag.py for tasks to queue
[2025-03-02T16:55:47.466+0000] {logging_mixin.py:151} INFO - [2025-03-02T16:55:47.466+0000] {dagbag.py:539} INFO - Filling up the DagBag from /opt/airflow/dags/pipeline_orchestration/customer_churn_dag.py
[2025-03-02T16:55:47.493+0000] {processor.py:839} INFO - DAG(s) dict_keys(['customer_churn_pipeline']) retrieved from /opt/airflow/dags/pipeline_orchestration/customer_churn_dag.py
[2025-03-02T16:55:47.527+0000] {logging_mixin.py:151} INFO - [2025-03-02T16:55:47.527+0000] {dag.py:2915} INFO - Sync 1 DAGs
[2025-03-02T16:55:47.545+0000] {logging_mixin.py:151} INFO - [2025-03-02T16:55:47.545+0000] {dag.py:3696} INFO - Setting next_dagrun for customer_churn_pipeline to 2025-03-02T00:00:00+00:00, run_after=2025-03-03T00:00:00+00:00
[2025-03-02T16:55:47.554+0000] {processor.py:179} INFO - Processing /opt/airflow/dags/pipeline_orchestration/customer_churn_dag.py took 0.097 seconds
[2025-03-02T16:56:17.880+0000] {processor.py:157} INFO - Started process (PID=520) to work on /opt/airflow/dags/pipeline_orchestration/customer_churn_dag.py
[2025-03-02T16:56:17.882+0000] {processor.py:829} INFO - Processing file /opt/airflow/dags/pipeline_orchestration/customer_churn_dag.py for tasks to queue
[2025-03-02T16:56:17.884+0000] {logging_mixin.py:151} INFO - [2025-03-02T16:56:17.883+0000] {dagbag.py:539} INFO - Filling up the DagBag from /opt/airflow/dags/pipeline_orchestration/customer_churn_dag.py
[2025-03-02T16:56:17.911+0000] {processor.py:839} INFO - DAG(s) dict_keys(['customer_churn_pipeline']) retrieved from /opt/airflow/dags/pipeline_orchestration/customer_churn_dag.py
[2025-03-02T16:56:17.945+0000] {logging_mixin.py:151} INFO - [2025-03-02T16:56:17.945+0000] {dag.py:2915} INFO - Sync 1 DAGs
[2025-03-02T16:56:17.961+0000] {logging_mixin.py:151} INFO - [2025-03-02T16:56:17.961+0000] {dag.py:3696} INFO - Setting next_dagrun for customer_churn_pipeline to 2025-03-02T00:00:00+00:00, run_after=2025-03-03T00:00:00+00:00
[2025-03-02T16:56:17.974+0000] {processor.py:179} INFO - Processing /opt/airflow/dags/pipeline_orchestration/customer_churn_dag.py took 0.111 seconds
[2025-03-02T16:56:48.337+0000] {processor.py:157} INFO - Started process (PID=525) to work on /opt/airflow/dags/pipeline_orchestration/customer_churn_dag.py
[2025-03-02T16:56:48.340+0000] {processor.py:829} INFO - Processing file /opt/airflow/dags/pipeline_orchestration/customer_churn_dag.py for tasks to queue
[2025-03-02T16:56:48.341+0000] {logging_mixin.py:151} INFO - [2025-03-02T16:56:48.341+0000] {dagbag.py:539} INFO - Filling up the DagBag from /opt/airflow/dags/pipeline_orchestration/customer_churn_dag.py
[2025-03-02T16:56:48.368+0000] {processor.py:839} INFO - DAG(s) dict_keys(['customer_churn_pipeline']) retrieved from /opt/airflow/dags/pipeline_orchestration/customer_churn_dag.py
[2025-03-02T16:56:48.400+0000] {logging_mixin.py:151} INFO - [2025-03-02T16:56:48.400+0000] {dag.py:2915} INFO - Sync 1 DAGs
[2025-03-02T16:56:48.416+0000] {logging_mixin.py:151} INFO - [2025-03-02T16:56:48.415+0000] {dag.py:3696} INFO - Setting next_dagrun for customer_churn_pipeline to 2025-03-02T00:00:00+00:00, run_after=2025-03-03T00:00:00+00:00
[2025-03-02T16:56:48.428+0000] {processor.py:179} INFO - Processing /opt/airflow/dags/pipeline_orchestration/customer_churn_dag.py took 0.095 seconds
[2025-03-02T16:57:18.746+0000] {processor.py:157} INFO - Started process (PID=530) to work on /opt/airflow/dags/pipeline_orchestration/customer_churn_dag.py
[2025-03-02T16:57:18.748+0000] {processor.py:829} INFO - Processing file /opt/airflow/dags/pipeline_orchestration/customer_churn_dag.py for tasks to queue
[2025-03-02T16:57:18.750+0000] {logging_mixin.py:151} INFO - [2025-03-02T16:57:18.749+0000] {dagbag.py:539} INFO - Filling up the DagBag from /opt/airflow/dags/pipeline_orchestration/customer_churn_dag.py
[2025-03-02T16:57:18.782+0000] {processor.py:839} INFO - DAG(s) dict_keys(['customer_churn_pipeline']) retrieved from /opt/airflow/dags/pipeline_orchestration/customer_churn_dag.py
[2025-03-02T16:57:18.815+0000] {logging_mixin.py:151} INFO - [2025-03-02T16:57:18.815+0000] {dag.py:2915} INFO - Sync 1 DAGs
[2025-03-02T16:57:18.830+0000] {logging_mixin.py:151} INFO - [2025-03-02T16:57:18.830+0000] {dag.py:3696} INFO - Setting next_dagrun for customer_churn_pipeline to 2025-03-02T00:00:00+00:00, run_after=2025-03-03T00:00:00+00:00
[2025-03-02T16:57:18.840+0000] {processor.py:179} INFO - Processing /opt/airflow/dags/pipeline_orchestration/customer_churn_dag.py took 0.100 seconds
[2025-03-02T16:57:49.159+0000] {processor.py:157} INFO - Started process (PID=535) to work on /opt/airflow/dags/pipeline_orchestration/customer_churn_dag.py
[2025-03-02T16:57:49.160+0000] {processor.py:829} INFO - Processing file /opt/airflow/dags/pipeline_orchestration/customer_churn_dag.py for tasks to queue
[2025-03-02T16:57:49.161+0000] {logging_mixin.py:151} INFO - [2025-03-02T16:57:49.161+0000] {dagbag.py:539} INFO - Filling up the DagBag from /opt/airflow/dags/pipeline_orchestration/customer_churn_dag.py
[2025-03-02T16:57:49.184+0000] {processor.py:839} INFO - DAG(s) dict_keys(['customer_churn_pipeline']) retrieved from /opt/airflow/dags/pipeline_orchestration/customer_churn_dag.py
[2025-03-02T16:57:49.232+0000] {logging_mixin.py:151} INFO - [2025-03-02T16:57:49.232+0000] {dag.py:2915} INFO - Sync 1 DAGs
[2025-03-02T16:57:49.252+0000] {logging_mixin.py:151} INFO - [2025-03-02T16:57:49.252+0000] {dag.py:3696} INFO - Setting next_dagrun for customer_churn_pipeline to 2025-03-02T00:00:00+00:00, run_after=2025-03-03T00:00:00+00:00
[2025-03-02T16:57:49.262+0000] {processor.py:179} INFO - Processing /opt/airflow/dags/pipeline_orchestration/customer_churn_dag.py took 0.111 seconds
[2025-03-02T16:58:19.579+0000] {processor.py:157} INFO - Started process (PID=540) to work on /opt/airflow/dags/pipeline_orchestration/customer_churn_dag.py
[2025-03-02T16:58:19.582+0000] {processor.py:829} INFO - Processing file /opt/airflow/dags/pipeline_orchestration/customer_churn_dag.py for tasks to queue
[2025-03-02T16:58:19.583+0000] {logging_mixin.py:151} INFO - [2025-03-02T16:58:19.583+0000] {dagbag.py:539} INFO - Filling up the DagBag from /opt/airflow/dags/pipeline_orchestration/customer_churn_dag.py
[2025-03-02T16:58:19.612+0000] {processor.py:839} INFO - DAG(s) dict_keys(['customer_churn_pipeline']) retrieved from /opt/airflow/dags/pipeline_orchestration/customer_churn_dag.py
[2025-03-02T16:58:19.649+0000] {logging_mixin.py:151} INFO - [2025-03-02T16:58:19.649+0000] {dag.py:2915} INFO - Sync 1 DAGs
[2025-03-02T16:58:19.667+0000] {logging_mixin.py:151} INFO - [2025-03-02T16:58:19.667+0000] {dag.py:3696} INFO - Setting next_dagrun for customer_churn_pipeline to 2025-03-02T00:00:00+00:00, run_after=2025-03-03T00:00:00+00:00
[2025-03-02T16:58:19.678+0000] {processor.py:179} INFO - Processing /opt/airflow/dags/pipeline_orchestration/customer_churn_dag.py took 0.104 seconds
[2025-03-02T16:58:50.014+0000] {processor.py:157} INFO - Started process (PID=545) to work on /opt/airflow/dags/pipeline_orchestration/customer_churn_dag.py
[2025-03-02T16:58:50.016+0000] {processor.py:829} INFO - Processing file /opt/airflow/dags/pipeline_orchestration/customer_churn_dag.py for tasks to queue
[2025-03-02T16:58:50.019+0000] {logging_mixin.py:151} INFO - [2025-03-02T16:58:50.018+0000] {dagbag.py:539} INFO - Filling up the DagBag from /opt/airflow/dags/pipeline_orchestration/customer_churn_dag.py
[2025-03-02T16:58:50.055+0000] {processor.py:839} INFO - DAG(s) dict_keys(['customer_churn_pipeline']) retrieved from /opt/airflow/dags/pipeline_orchestration/customer_churn_dag.py
[2025-03-02T16:58:50.085+0000] {logging_mixin.py:151} INFO - [2025-03-02T16:58:50.085+0000] {dag.py:2915} INFO - Sync 1 DAGs
[2025-03-02T16:58:50.102+0000] {logging_mixin.py:151} INFO - [2025-03-02T16:58:50.102+0000] {dag.py:3696} INFO - Setting next_dagrun for customer_churn_pipeline to 2025-03-02T00:00:00+00:00, run_after=2025-03-03T00:00:00+00:00
[2025-03-02T16:58:50.110+0000] {processor.py:179} INFO - Processing /opt/airflow/dags/pipeline_orchestration/customer_churn_dag.py took 0.101 seconds
[2025-03-02T16:59:20.400+0000] {processor.py:157} INFO - Started process (PID=550) to work on /opt/airflow/dags/pipeline_orchestration/customer_churn_dag.py
[2025-03-02T16:59:20.407+0000] {processor.py:829} INFO - Processing file /opt/airflow/dags/pipeline_orchestration/customer_churn_dag.py for tasks to queue
[2025-03-02T16:59:20.409+0000] {logging_mixin.py:151} INFO - [2025-03-02T16:59:20.408+0000] {dagbag.py:539} INFO - Filling up the DagBag from /opt/airflow/dags/pipeline_orchestration/customer_churn_dag.py
[2025-03-02T16:59:20.452+0000] {processor.py:839} INFO - DAG(s) dict_keys(['customer_churn_pipeline']) retrieved from /opt/airflow/dags/pipeline_orchestration/customer_churn_dag.py
[2025-03-02T16:59:20.495+0000] {logging_mixin.py:151} INFO - [2025-03-02T16:59:20.495+0000] {dag.py:2915} INFO - Sync 1 DAGs
[2025-03-02T16:59:20.514+0000] {logging_mixin.py:151} INFO - [2025-03-02T16:59:20.514+0000] {dag.py:3696} INFO - Setting next_dagrun for customer_churn_pipeline to 2025-03-02T00:00:00+00:00, run_after=2025-03-03T00:00:00+00:00
[2025-03-02T16:59:20.527+0000] {processor.py:179} INFO - Processing /opt/airflow/dags/pipeline_orchestration/customer_churn_dag.py took 0.134 seconds
[2025-03-02T16:59:50.783+0000] {processor.py:157} INFO - Started process (PID=555) to work on /opt/airflow/dags/pipeline_orchestration/customer_churn_dag.py
[2025-03-02T16:59:50.785+0000] {processor.py:829} INFO - Processing file /opt/airflow/dags/pipeline_orchestration/customer_churn_dag.py for tasks to queue
[2025-03-02T16:59:50.786+0000] {logging_mixin.py:151} INFO - [2025-03-02T16:59:50.786+0000] {dagbag.py:539} INFO - Filling up the DagBag from /opt/airflow/dags/pipeline_orchestration/customer_churn_dag.py
[2025-03-02T16:59:50.823+0000] {processor.py:839} INFO - DAG(s) dict_keys(['customer_churn_pipeline']) retrieved from /opt/airflow/dags/pipeline_orchestration/customer_churn_dag.py
[2025-03-02T16:59:50.861+0000] {logging_mixin.py:151} INFO - [2025-03-02T16:59:50.861+0000] {dag.py:2915} INFO - Sync 1 DAGs
[2025-03-02T16:59:50.874+0000] {logging_mixin.py:151} INFO - [2025-03-02T16:59:50.874+0000] {dag.py:3696} INFO - Setting next_dagrun for customer_churn_pipeline to 2025-03-02T00:00:00+00:00, run_after=2025-03-03T00:00:00+00:00
[2025-03-02T16:59:50.885+0000] {processor.py:179} INFO - Processing /opt/airflow/dags/pipeline_orchestration/customer_churn_dag.py took 0.107 seconds
[2025-03-02T17:00:21.251+0000] {processor.py:157} INFO - Started process (PID=560) to work on /opt/airflow/dags/pipeline_orchestration/customer_churn_dag.py
[2025-03-02T17:00:21.255+0000] {processor.py:829} INFO - Processing file /opt/airflow/dags/pipeline_orchestration/customer_churn_dag.py for tasks to queue
[2025-03-02T17:00:21.256+0000] {logging_mixin.py:151} INFO - [2025-03-02T17:00:21.256+0000] {dagbag.py:539} INFO - Filling up the DagBag from /opt/airflow/dags/pipeline_orchestration/customer_churn_dag.py
[2025-03-02T17:00:21.289+0000] {processor.py:839} INFO - DAG(s) dict_keys(['customer_churn_pipeline']) retrieved from /opt/airflow/dags/pipeline_orchestration/customer_churn_dag.py
[2025-03-02T17:00:21.325+0000] {logging_mixin.py:151} INFO - [2025-03-02T17:00:21.325+0000] {dag.py:2915} INFO - Sync 1 DAGs
[2025-03-02T17:00:21.340+0000] {logging_mixin.py:151} INFO - [2025-03-02T17:00:21.339+0000] {dag.py:3696} INFO - Setting next_dagrun for customer_churn_pipeline to 2025-03-02T00:00:00+00:00, run_after=2025-03-03T00:00:00+00:00
[2025-03-02T17:00:21.350+0000] {processor.py:179} INFO - Processing /opt/airflow/dags/pipeline_orchestration/customer_churn_dag.py took 0.107 seconds
[2025-03-02T17:00:51.680+0000] {processor.py:157} INFO - Started process (PID=565) to work on /opt/airflow/dags/pipeline_orchestration/customer_churn_dag.py
[2025-03-02T17:00:51.684+0000] {processor.py:829} INFO - Processing file /opt/airflow/dags/pipeline_orchestration/customer_churn_dag.py for tasks to queue
[2025-03-02T17:00:51.685+0000] {logging_mixin.py:151} INFO - [2025-03-02T17:00:51.684+0000] {dagbag.py:539} INFO - Filling up the DagBag from /opt/airflow/dags/pipeline_orchestration/customer_churn_dag.py
[2025-03-02T17:00:51.721+0000] {processor.py:839} INFO - DAG(s) dict_keys(['customer_churn_pipeline']) retrieved from /opt/airflow/dags/pipeline_orchestration/customer_churn_dag.py
[2025-03-02T17:00:51.755+0000] {logging_mixin.py:151} INFO - [2025-03-02T17:00:51.755+0000] {dag.py:2915} INFO - Sync 1 DAGs
[2025-03-02T17:00:51.772+0000] {logging_mixin.py:151} INFO - [2025-03-02T17:00:51.772+0000] {dag.py:3696} INFO - Setting next_dagrun for customer_churn_pipeline to 2025-03-02T00:00:00+00:00, run_after=2025-03-03T00:00:00+00:00
[2025-03-02T17:00:51.782+0000] {processor.py:179} INFO - Processing /opt/airflow/dags/pipeline_orchestration/customer_churn_dag.py took 0.109 seconds
[2025-03-02T17:01:22.134+0000] {processor.py:157} INFO - Started process (PID=570) to work on /opt/airflow/dags/pipeline_orchestration/customer_churn_dag.py
[2025-03-02T17:01:22.146+0000] {processor.py:829} INFO - Processing file /opt/airflow/dags/pipeline_orchestration/customer_churn_dag.py for tasks to queue
[2025-03-02T17:01:22.149+0000] {logging_mixin.py:151} INFO - [2025-03-02T17:01:22.148+0000] {dagbag.py:539} INFO - Filling up the DagBag from /opt/airflow/dags/pipeline_orchestration/customer_churn_dag.py
[2025-03-02T17:01:22.176+0000] {processor.py:839} INFO - DAG(s) dict_keys(['customer_churn_pipeline']) retrieved from /opt/airflow/dags/pipeline_orchestration/customer_churn_dag.py
[2025-03-02T17:01:22.208+0000] {logging_mixin.py:151} INFO - [2025-03-02T17:01:22.207+0000] {dag.py:2915} INFO - Sync 1 DAGs
[2025-03-02T17:01:22.231+0000] {logging_mixin.py:151} INFO - [2025-03-02T17:01:22.230+0000] {dag.py:3696} INFO - Setting next_dagrun for customer_churn_pipeline to 2025-03-02T00:00:00+00:00, run_after=2025-03-03T00:00:00+00:00
[2025-03-02T17:01:22.240+0000] {processor.py:179} INFO - Processing /opt/airflow/dags/pipeline_orchestration/customer_churn_dag.py took 0.112 seconds
[2025-03-02T17:01:52.533+0000] {processor.py:157} INFO - Started process (PID=575) to work on /opt/airflow/dags/pipeline_orchestration/customer_churn_dag.py
[2025-03-02T17:01:52.536+0000] {processor.py:829} INFO - Processing file /opt/airflow/dags/pipeline_orchestration/customer_churn_dag.py for tasks to queue
[2025-03-02T17:01:52.537+0000] {logging_mixin.py:151} INFO - [2025-03-02T17:01:52.537+0000] {dagbag.py:539} INFO - Filling up the DagBag from /opt/airflow/dags/pipeline_orchestration/customer_churn_dag.py
[2025-03-02T17:01:52.565+0000] {processor.py:839} INFO - DAG(s) dict_keys(['customer_churn_pipeline']) retrieved from /opt/airflow/dags/pipeline_orchestration/customer_churn_dag.py
[2025-03-02T17:01:52.600+0000] {logging_mixin.py:151} INFO - [2025-03-02T17:01:52.599+0000] {dag.py:2915} INFO - Sync 1 DAGs
[2025-03-02T17:01:52.620+0000] {logging_mixin.py:151} INFO - [2025-03-02T17:01:52.620+0000] {dag.py:3696} INFO - Setting next_dagrun for customer_churn_pipeline to 2025-03-02T00:00:00+00:00, run_after=2025-03-03T00:00:00+00:00
[2025-03-02T17:01:52.629+0000] {processor.py:179} INFO - Processing /opt/airflow/dags/pipeline_orchestration/customer_churn_dag.py took 0.101 seconds
[2025-03-02T17:02:23.012+0000] {processor.py:157} INFO - Started process (PID=580) to work on /opt/airflow/dags/pipeline_orchestration/customer_churn_dag.py
[2025-03-02T17:02:23.014+0000] {processor.py:829} INFO - Processing file /opt/airflow/dags/pipeline_orchestration/customer_churn_dag.py for tasks to queue
[2025-03-02T17:02:23.015+0000] {logging_mixin.py:151} INFO - [2025-03-02T17:02:23.015+0000] {dagbag.py:539} INFO - Filling up the DagBag from /opt/airflow/dags/pipeline_orchestration/customer_churn_dag.py
[2025-03-02T17:02:23.047+0000] {processor.py:839} INFO - DAG(s) dict_keys(['customer_churn_pipeline']) retrieved from /opt/airflow/dags/pipeline_orchestration/customer_churn_dag.py
[2025-03-02T17:02:23.085+0000] {logging_mixin.py:151} INFO - [2025-03-02T17:02:23.084+0000] {dag.py:2915} INFO - Sync 1 DAGs
[2025-03-02T17:02:23.100+0000] {logging_mixin.py:151} INFO - [2025-03-02T17:02:23.100+0000] {dag.py:3696} INFO - Setting next_dagrun for customer_churn_pipeline to 2025-03-02T00:00:00+00:00, run_after=2025-03-03T00:00:00+00:00
[2025-03-02T17:02:23.110+0000] {processor.py:179} INFO - Processing /opt/airflow/dags/pipeline_orchestration/customer_churn_dag.py took 0.104 seconds
[2025-03-02T17:02:53.530+0000] {processor.py:157} INFO - Started process (PID=585) to work on /opt/airflow/dags/pipeline_orchestration/customer_churn_dag.py
[2025-03-02T17:02:53.533+0000] {processor.py:829} INFO - Processing file /opt/airflow/dags/pipeline_orchestration/customer_churn_dag.py for tasks to queue
[2025-03-02T17:02:53.534+0000] {logging_mixin.py:151} INFO - [2025-03-02T17:02:53.534+0000] {dagbag.py:539} INFO - Filling up the DagBag from /opt/airflow/dags/pipeline_orchestration/customer_churn_dag.py
[2025-03-02T17:02:53.566+0000] {processor.py:839} INFO - DAG(s) dict_keys(['customer_churn_pipeline']) retrieved from /opt/airflow/dags/pipeline_orchestration/customer_churn_dag.py
[2025-03-02T17:02:53.603+0000] {logging_mixin.py:151} INFO - [2025-03-02T17:02:53.603+0000] {dag.py:2915} INFO - Sync 1 DAGs
[2025-03-02T17:02:53.617+0000] {logging_mixin.py:151} INFO - [2025-03-02T17:02:53.617+0000] {dag.py:3696} INFO - Setting next_dagrun for customer_churn_pipeline to 2025-03-02T00:00:00+00:00, run_after=2025-03-03T00:00:00+00:00
[2025-03-02T17:02:53.628+0000] {processor.py:179} INFO - Processing /opt/airflow/dags/pipeline_orchestration/customer_churn_dag.py took 0.104 seconds
[2025-03-02T17:03:23.883+0000] {processor.py:157} INFO - Started process (PID=590) to work on /opt/airflow/dags/pipeline_orchestration/customer_churn_dag.py
[2025-03-02T17:03:23.886+0000] {processor.py:829} INFO - Processing file /opt/airflow/dags/pipeline_orchestration/customer_churn_dag.py for tasks to queue
[2025-03-02T17:03:23.888+0000] {logging_mixin.py:151} INFO - [2025-03-02T17:03:23.887+0000] {dagbag.py:539} INFO - Filling up the DagBag from /opt/airflow/dags/pipeline_orchestration/customer_churn_dag.py
[2025-03-02T17:03:23.927+0000] {processor.py:839} INFO - DAG(s) dict_keys(['customer_churn_pipeline']) retrieved from /opt/airflow/dags/pipeline_orchestration/customer_churn_dag.py
[2025-03-02T17:03:23.965+0000] {logging_mixin.py:151} INFO - [2025-03-02T17:03:23.964+0000] {dag.py:2915} INFO - Sync 1 DAGs
[2025-03-02T17:03:23.989+0000] {logging_mixin.py:151} INFO - [2025-03-02T17:03:23.989+0000] {dag.py:3696} INFO - Setting next_dagrun for customer_churn_pipeline to 2025-03-02T00:00:00+00:00, run_after=2025-03-03T00:00:00+00:00
[2025-03-02T17:03:24.000+0000] {processor.py:179} INFO - Processing /opt/airflow/dags/pipeline_orchestration/customer_churn_dag.py took 0.132 seconds
[2025-03-02T17:03:54.243+0000] {processor.py:157} INFO - Started process (PID=595) to work on /opt/airflow/dags/pipeline_orchestration/customer_churn_dag.py
[2025-03-02T17:03:54.245+0000] {processor.py:829} INFO - Processing file /opt/airflow/dags/pipeline_orchestration/customer_churn_dag.py for tasks to queue
[2025-03-02T17:03:54.246+0000] {logging_mixin.py:151} INFO - [2025-03-02T17:03:54.245+0000] {dagbag.py:539} INFO - Filling up the DagBag from /opt/airflow/dags/pipeline_orchestration/customer_churn_dag.py
[2025-03-02T17:03:54.268+0000] {processor.py:839} INFO - DAG(s) dict_keys(['customer_churn_pipeline']) retrieved from /opt/airflow/dags/pipeline_orchestration/customer_churn_dag.py
[2025-03-02T17:03:54.292+0000] {logging_mixin.py:151} INFO - [2025-03-02T17:03:54.292+0000] {dag.py:2915} INFO - Sync 1 DAGs
[2025-03-02T17:03:54.309+0000] {logging_mixin.py:151} INFO - [2025-03-02T17:03:54.309+0000] {dag.py:3696} INFO - Setting next_dagrun for customer_churn_pipeline to 2025-03-02T00:00:00+00:00, run_after=2025-03-03T00:00:00+00:00
[2025-03-02T17:03:54.318+0000] {processor.py:179} INFO - Processing /opt/airflow/dags/pipeline_orchestration/customer_churn_dag.py took 0.078 seconds
[2025-03-02T17:04:24.619+0000] {processor.py:157} INFO - Started process (PID=600) to work on /opt/airflow/dags/pipeline_orchestration/customer_churn_dag.py
[2025-03-02T17:04:24.622+0000] {processor.py:829} INFO - Processing file /opt/airflow/dags/pipeline_orchestration/customer_churn_dag.py for tasks to queue
[2025-03-02T17:04:24.623+0000] {logging_mixin.py:151} INFO - [2025-03-02T17:04:24.622+0000] {dagbag.py:539} INFO - Filling up the DagBag from /opt/airflow/dags/pipeline_orchestration/customer_churn_dag.py
[2025-03-02T17:04:24.655+0000] {processor.py:839} INFO - DAG(s) dict_keys(['customer_churn_pipeline']) retrieved from /opt/airflow/dags/pipeline_orchestration/customer_churn_dag.py
[2025-03-02T17:04:24.688+0000] {logging_mixin.py:151} INFO - [2025-03-02T17:04:24.688+0000] {dag.py:2915} INFO - Sync 1 DAGs
[2025-03-02T17:04:24.706+0000] {logging_mixin.py:151} INFO - [2025-03-02T17:04:24.706+0000] {dag.py:3696} INFO - Setting next_dagrun for customer_churn_pipeline to 2025-03-02T00:00:00+00:00, run_after=2025-03-03T00:00:00+00:00
[2025-03-02T17:04:24.718+0000] {processor.py:179} INFO - Processing /opt/airflow/dags/pipeline_orchestration/customer_churn_dag.py took 0.105 seconds
[2025-03-02T17:04:55.039+0000] {processor.py:157} INFO - Started process (PID=605) to work on /opt/airflow/dags/pipeline_orchestration/customer_churn_dag.py
[2025-03-02T17:04:55.042+0000] {processor.py:829} INFO - Processing file /opt/airflow/dags/pipeline_orchestration/customer_churn_dag.py for tasks to queue
[2025-03-02T17:04:55.044+0000] {logging_mixin.py:151} INFO - [2025-03-02T17:04:55.043+0000] {dagbag.py:539} INFO - Filling up the DagBag from /opt/airflow/dags/pipeline_orchestration/customer_churn_dag.py
[2025-03-02T17:04:55.073+0000] {processor.py:839} INFO - DAG(s) dict_keys(['customer_churn_pipeline']) retrieved from /opt/airflow/dags/pipeline_orchestration/customer_churn_dag.py
[2025-03-02T17:04:55.106+0000] {logging_mixin.py:151} INFO - [2025-03-02T17:04:55.106+0000] {dag.py:2915} INFO - Sync 1 DAGs
[2025-03-02T17:04:55.127+0000] {logging_mixin.py:151} INFO - [2025-03-02T17:04:55.127+0000] {dag.py:3696} INFO - Setting next_dagrun for customer_churn_pipeline to 2025-03-02T00:00:00+00:00, run_after=2025-03-03T00:00:00+00:00
[2025-03-02T17:04:55.136+0000] {processor.py:179} INFO - Processing /opt/airflow/dags/pipeline_orchestration/customer_churn_dag.py took 0.102 seconds
[2025-03-02T17:05:25.453+0000] {processor.py:157} INFO - Started process (PID=610) to work on /opt/airflow/dags/pipeline_orchestration/customer_churn_dag.py
[2025-03-02T17:05:25.454+0000] {processor.py:829} INFO - Processing file /opt/airflow/dags/pipeline_orchestration/customer_churn_dag.py for tasks to queue
[2025-03-02T17:05:25.456+0000] {logging_mixin.py:151} INFO - [2025-03-02T17:05:25.455+0000] {dagbag.py:539} INFO - Filling up the DagBag from /opt/airflow/dags/pipeline_orchestration/customer_churn_dag.py
[2025-03-02T17:05:25.487+0000] {processor.py:839} INFO - DAG(s) dict_keys(['customer_churn_pipeline']) retrieved from /opt/airflow/dags/pipeline_orchestration/customer_churn_dag.py
[2025-03-02T17:05:25.549+0000] {logging_mixin.py:151} INFO - [2025-03-02T17:05:25.548+0000] {dag.py:2915} INFO - Sync 1 DAGs
[2025-03-02T17:05:25.566+0000] {logging_mixin.py:151} INFO - [2025-03-02T17:05:25.566+0000] {dag.py:3696} INFO - Setting next_dagrun for customer_churn_pipeline to 2025-03-02T00:00:00+00:00, run_after=2025-03-03T00:00:00+00:00
[2025-03-02T17:05:25.579+0000] {processor.py:179} INFO - Processing /opt/airflow/dags/pipeline_orchestration/customer_churn_dag.py took 0.137 seconds
[2025-03-02T17:05:55.859+0000] {processor.py:157} INFO - Started process (PID=615) to work on /opt/airflow/dags/pipeline_orchestration/customer_churn_dag.py
[2025-03-02T17:05:55.861+0000] {processor.py:829} INFO - Processing file /opt/airflow/dags/pipeline_orchestration/customer_churn_dag.py for tasks to queue
[2025-03-02T17:05:55.863+0000] {logging_mixin.py:151} INFO - [2025-03-02T17:05:55.862+0000] {dagbag.py:539} INFO - Filling up the DagBag from /opt/airflow/dags/pipeline_orchestration/customer_churn_dag.py
[2025-03-02T17:05:55.898+0000] {processor.py:839} INFO - DAG(s) dict_keys(['customer_churn_pipeline']) retrieved from /opt/airflow/dags/pipeline_orchestration/customer_churn_dag.py
[2025-03-02T17:05:55.934+0000] {logging_mixin.py:151} INFO - [2025-03-02T17:05:55.934+0000] {dag.py:2915} INFO - Sync 1 DAGs
[2025-03-02T17:05:55.952+0000] {logging_mixin.py:151} INFO - [2025-03-02T17:05:55.951+0000] {dag.py:3696} INFO - Setting next_dagrun for customer_churn_pipeline to 2025-03-02T00:00:00+00:00, run_after=2025-03-03T00:00:00+00:00
[2025-03-02T17:05:55.961+0000] {processor.py:179} INFO - Processing /opt/airflow/dags/pipeline_orchestration/customer_churn_dag.py took 0.105 seconds
[2025-03-02T17:06:26.330+0000] {processor.py:157} INFO - Started process (PID=620) to work on /opt/airflow/dags/pipeline_orchestration/customer_churn_dag.py
[2025-03-02T17:06:26.332+0000] {processor.py:829} INFO - Processing file /opt/airflow/dags/pipeline_orchestration/customer_churn_dag.py for tasks to queue
[2025-03-02T17:06:26.334+0000] {logging_mixin.py:151} INFO - [2025-03-02T17:06:26.333+0000] {dagbag.py:539} INFO - Filling up the DagBag from /opt/airflow/dags/pipeline_orchestration/customer_churn_dag.py
[2025-03-02T17:06:26.367+0000] {processor.py:839} INFO - DAG(s) dict_keys(['customer_churn_pipeline']) retrieved from /opt/airflow/dags/pipeline_orchestration/customer_churn_dag.py
[2025-03-02T17:06:26.405+0000] {logging_mixin.py:151} INFO - [2025-03-02T17:06:26.405+0000] {dag.py:2915} INFO - Sync 1 DAGs
[2025-03-02T17:06:26.421+0000] {logging_mixin.py:151} INFO - [2025-03-02T17:06:26.421+0000] {dag.py:3696} INFO - Setting next_dagrun for customer_churn_pipeline to 2025-03-02T00:00:00+00:00, run_after=2025-03-03T00:00:00+00:00
[2025-03-02T17:06:26.432+0000] {processor.py:179} INFO - Processing /opt/airflow/dags/pipeline_orchestration/customer_churn_dag.py took 0.110 seconds
[2025-03-02T17:06:56.751+0000] {processor.py:157} INFO - Started process (PID=625) to work on /opt/airflow/dags/pipeline_orchestration/customer_churn_dag.py
[2025-03-02T17:06:56.754+0000] {processor.py:829} INFO - Processing file /opt/airflow/dags/pipeline_orchestration/customer_churn_dag.py for tasks to queue
[2025-03-02T17:06:56.755+0000] {logging_mixin.py:151} INFO - [2025-03-02T17:06:56.754+0000] {dagbag.py:539} INFO - Filling up the DagBag from /opt/airflow/dags/pipeline_orchestration/customer_churn_dag.py
[2025-03-02T17:06:56.783+0000] {processor.py:839} INFO - DAG(s) dict_keys(['customer_churn_pipeline']) retrieved from /opt/airflow/dags/pipeline_orchestration/customer_churn_dag.py
[2025-03-02T17:06:56.812+0000] {logging_mixin.py:151} INFO - [2025-03-02T17:06:56.812+0000] {dag.py:2915} INFO - Sync 1 DAGs
[2025-03-02T17:06:56.825+0000] {logging_mixin.py:151} INFO - [2025-03-02T17:06:56.825+0000] {dag.py:3696} INFO - Setting next_dagrun for customer_churn_pipeline to 2025-03-02T00:00:00+00:00, run_after=2025-03-03T00:00:00+00:00
[2025-03-02T17:06:56.834+0000] {processor.py:179} INFO - Processing /opt/airflow/dags/pipeline_orchestration/customer_churn_dag.py took 0.089 seconds
[2025-03-02T17:07:27.195+0000] {processor.py:157} INFO - Started process (PID=630) to work on /opt/airflow/dags/pipeline_orchestration/customer_churn_dag.py
[2025-03-02T17:07:27.198+0000] {processor.py:829} INFO - Processing file /opt/airflow/dags/pipeline_orchestration/customer_churn_dag.py for tasks to queue
[2025-03-02T17:07:27.200+0000] {logging_mixin.py:151} INFO - [2025-03-02T17:07:27.199+0000] {dagbag.py:539} INFO - Filling up the DagBag from /opt/airflow/dags/pipeline_orchestration/customer_churn_dag.py
[2025-03-02T17:07:27.234+0000] {processor.py:839} INFO - DAG(s) dict_keys(['customer_churn_pipeline']) retrieved from /opt/airflow/dags/pipeline_orchestration/customer_churn_dag.py
[2025-03-02T17:07:27.272+0000] {logging_mixin.py:151} INFO - [2025-03-02T17:07:27.272+0000] {dag.py:2915} INFO - Sync 1 DAGs
[2025-03-02T17:07:27.290+0000] {logging_mixin.py:151} INFO - [2025-03-02T17:07:27.289+0000] {dag.py:3696} INFO - Setting next_dagrun for customer_churn_pipeline to 2025-03-02T00:00:00+00:00, run_after=2025-03-03T00:00:00+00:00
[2025-03-02T17:07:27.299+0000] {processor.py:179} INFO - Processing /opt/airflow/dags/pipeline_orchestration/customer_churn_dag.py took 0.112 seconds
[2025-03-02T17:07:57.618+0000] {processor.py:157} INFO - Started process (PID=635) to work on /opt/airflow/dags/pipeline_orchestration/customer_churn_dag.py
[2025-03-02T17:07:57.621+0000] {processor.py:829} INFO - Processing file /opt/airflow/dags/pipeline_orchestration/customer_churn_dag.py for tasks to queue
[2025-03-02T17:07:57.622+0000] {logging_mixin.py:151} INFO - [2025-03-02T17:07:57.621+0000] {dagbag.py:539} INFO - Filling up the DagBag from /opt/airflow/dags/pipeline_orchestration/customer_churn_dag.py
[2025-03-02T17:07:57.649+0000] {processor.py:839} INFO - DAG(s) dict_keys(['customer_churn_pipeline']) retrieved from /opt/airflow/dags/pipeline_orchestration/customer_churn_dag.py
[2025-03-02T17:07:57.688+0000] {logging_mixin.py:151} INFO - [2025-03-02T17:07:57.688+0000] {dag.py:2915} INFO - Sync 1 DAGs
[2025-03-02T17:07:57.702+0000] {logging_mixin.py:151} INFO - [2025-03-02T17:07:57.702+0000] {dag.py:3696} INFO - Setting next_dagrun for customer_churn_pipeline to 2025-03-02T00:00:00+00:00, run_after=2025-03-03T00:00:00+00:00
[2025-03-02T17:07:57.714+0000] {processor.py:179} INFO - Processing /opt/airflow/dags/pipeline_orchestration/customer_churn_dag.py took 0.101 seconds
[2025-03-02T17:08:28.023+0000] {processor.py:157} INFO - Started process (PID=640) to work on /opt/airflow/dags/pipeline_orchestration/customer_churn_dag.py
[2025-03-02T17:08:28.026+0000] {processor.py:829} INFO - Processing file /opt/airflow/dags/pipeline_orchestration/customer_churn_dag.py for tasks to queue
[2025-03-02T17:08:28.027+0000] {logging_mixin.py:151} INFO - [2025-03-02T17:08:28.027+0000] {dagbag.py:539} INFO - Filling up the DagBag from /opt/airflow/dags/pipeline_orchestration/customer_churn_dag.py
[2025-03-02T17:08:28.060+0000] {processor.py:839} INFO - DAG(s) dict_keys(['customer_churn_pipeline']) retrieved from /opt/airflow/dags/pipeline_orchestration/customer_churn_dag.py
[2025-03-02T17:08:28.097+0000] {logging_mixin.py:151} INFO - [2025-03-02T17:08:28.097+0000] {dag.py:2915} INFO - Sync 1 DAGs
[2025-03-02T17:08:28.119+0000] {logging_mixin.py:151} INFO - [2025-03-02T17:08:28.118+0000] {dag.py:3696} INFO - Setting next_dagrun for customer_churn_pipeline to 2025-03-02T00:00:00+00:00, run_after=2025-03-03T00:00:00+00:00
[2025-03-02T17:08:28.132+0000] {processor.py:179} INFO - Processing /opt/airflow/dags/pipeline_orchestration/customer_churn_dag.py took 0.117 seconds
[2025-03-02T17:08:58.496+0000] {processor.py:157} INFO - Started process (PID=645) to work on /opt/airflow/dags/pipeline_orchestration/customer_churn_dag.py
[2025-03-02T17:08:58.499+0000] {processor.py:829} INFO - Processing file /opt/airflow/dags/pipeline_orchestration/customer_churn_dag.py for tasks to queue
[2025-03-02T17:08:58.502+0000] {logging_mixin.py:151} INFO - [2025-03-02T17:08:58.501+0000] {dagbag.py:539} INFO - Filling up the DagBag from /opt/airflow/dags/pipeline_orchestration/customer_churn_dag.py
[2025-03-02T17:08:58.536+0000] {processor.py:839} INFO - DAG(s) dict_keys(['customer_churn_pipeline']) retrieved from /opt/airflow/dags/pipeline_orchestration/customer_churn_dag.py
[2025-03-02T17:08:58.570+0000] {logging_mixin.py:151} INFO - [2025-03-02T17:08:58.570+0000] {dag.py:2915} INFO - Sync 1 DAGs
[2025-03-02T17:08:58.588+0000] {logging_mixin.py:151} INFO - [2025-03-02T17:08:58.588+0000] {dag.py:3696} INFO - Setting next_dagrun for customer_churn_pipeline to 2025-03-02T00:00:00+00:00, run_after=2025-03-03T00:00:00+00:00
[2025-03-02T17:08:58.598+0000] {processor.py:179} INFO - Processing /opt/airflow/dags/pipeline_orchestration/customer_churn_dag.py took 0.108 seconds
[2025-03-02T17:09:29.161+0000] {processor.py:157} INFO - Started process (PID=650) to work on /opt/airflow/dags/pipeline_orchestration/customer_churn_dag.py
[2025-03-02T17:09:29.164+0000] {processor.py:829} INFO - Processing file /opt/airflow/dags/pipeline_orchestration/customer_churn_dag.py for tasks to queue
[2025-03-02T17:09:29.165+0000] {logging_mixin.py:151} INFO - [2025-03-02T17:09:29.164+0000] {dagbag.py:539} INFO - Filling up the DagBag from /opt/airflow/dags/pipeline_orchestration/customer_churn_dag.py
[2025-03-02T17:09:29.201+0000] {processor.py:839} INFO - DAG(s) dict_keys(['customer_churn_pipeline']) retrieved from /opt/airflow/dags/pipeline_orchestration/customer_churn_dag.py
[2025-03-02T17:09:29.237+0000] {logging_mixin.py:151} INFO - [2025-03-02T17:09:29.237+0000] {dag.py:2915} INFO - Sync 1 DAGs
[2025-03-02T17:09:29.255+0000] {logging_mixin.py:151} INFO - [2025-03-02T17:09:29.255+0000] {dag.py:3696} INFO - Setting next_dagrun for customer_churn_pipeline to 2025-03-02T00:00:00+00:00, run_after=2025-03-03T00:00:00+00:00
[2025-03-02T17:09:29.264+0000] {processor.py:179} INFO - Processing /opt/airflow/dags/pipeline_orchestration/customer_churn_dag.py took 0.109 seconds
[2025-03-02T17:09:59.664+0000] {processor.py:157} INFO - Started process (PID=655) to work on /opt/airflow/dags/pipeline_orchestration/customer_churn_dag.py
[2025-03-02T17:09:59.668+0000] {processor.py:829} INFO - Processing file /opt/airflow/dags/pipeline_orchestration/customer_churn_dag.py for tasks to queue
[2025-03-02T17:09:59.670+0000] {logging_mixin.py:151} INFO - [2025-03-02T17:09:59.669+0000] {dagbag.py:539} INFO - Filling up the DagBag from /opt/airflow/dags/pipeline_orchestration/customer_churn_dag.py
[2025-03-02T17:09:59.703+0000] {processor.py:839} INFO - DAG(s) dict_keys(['customer_churn_pipeline']) retrieved from /opt/airflow/dags/pipeline_orchestration/customer_churn_dag.py
[2025-03-02T17:09:59.743+0000] {logging_mixin.py:151} INFO - [2025-03-02T17:09:59.743+0000] {dag.py:2915} INFO - Sync 1 DAGs
[2025-03-02T17:09:59.762+0000] {logging_mixin.py:151} INFO - [2025-03-02T17:09:59.762+0000] {dag.py:3696} INFO - Setting next_dagrun for customer_churn_pipeline to 2025-03-02T00:00:00+00:00, run_after=2025-03-03T00:00:00+00:00
[2025-03-02T17:09:59.775+0000] {processor.py:179} INFO - Processing /opt/airflow/dags/pipeline_orchestration/customer_churn_dag.py took 0.118 seconds
[2025-03-02T17:10:30.114+0000] {processor.py:157} INFO - Started process (PID=660) to work on /opt/airflow/dags/pipeline_orchestration/customer_churn_dag.py
[2025-03-02T17:10:30.118+0000] {processor.py:829} INFO - Processing file /opt/airflow/dags/pipeline_orchestration/customer_churn_dag.py for tasks to queue
[2025-03-02T17:10:30.119+0000] {logging_mixin.py:151} INFO - [2025-03-02T17:10:30.119+0000] {dagbag.py:539} INFO - Filling up the DagBag from /opt/airflow/dags/pipeline_orchestration/customer_churn_dag.py
[2025-03-02T17:10:30.157+0000] {processor.py:839} INFO - DAG(s) dict_keys(['customer_churn_pipeline']) retrieved from /opt/airflow/dags/pipeline_orchestration/customer_churn_dag.py
[2025-03-02T17:10:30.197+0000] {logging_mixin.py:151} INFO - [2025-03-02T17:10:30.197+0000] {dag.py:2915} INFO - Sync 1 DAGs
[2025-03-02T17:10:30.212+0000] {logging_mixin.py:151} INFO - [2025-03-02T17:10:30.212+0000] {dag.py:3696} INFO - Setting next_dagrun for customer_churn_pipeline to 2025-03-02T00:00:00+00:00, run_after=2025-03-03T00:00:00+00:00
[2025-03-02T17:10:30.223+0000] {processor.py:179} INFO - Processing /opt/airflow/dags/pipeline_orchestration/customer_churn_dag.py took 0.115 seconds
[2025-03-02T17:11:00.552+0000] {processor.py:157} INFO - Started process (PID=665) to work on /opt/airflow/dags/pipeline_orchestration/customer_churn_dag.py
[2025-03-02T17:11:00.555+0000] {processor.py:829} INFO - Processing file /opt/airflow/dags/pipeline_orchestration/customer_churn_dag.py for tasks to queue
[2025-03-02T17:11:00.556+0000] {logging_mixin.py:151} INFO - [2025-03-02T17:11:00.555+0000] {dagbag.py:539} INFO - Filling up the DagBag from /opt/airflow/dags/pipeline_orchestration/customer_churn_dag.py
[2025-03-02T17:11:00.588+0000] {processor.py:839} INFO - DAG(s) dict_keys(['customer_churn_pipeline']) retrieved from /opt/airflow/dags/pipeline_orchestration/customer_churn_dag.py
[2025-03-02T17:11:00.621+0000] {logging_mixin.py:151} INFO - [2025-03-02T17:11:00.621+0000] {dag.py:2915} INFO - Sync 1 DAGs
[2025-03-02T17:11:00.642+0000] {logging_mixin.py:151} INFO - [2025-03-02T17:11:00.642+0000] {dag.py:3696} INFO - Setting next_dagrun for customer_churn_pipeline to 2025-03-02T00:00:00+00:00, run_after=2025-03-03T00:00:00+00:00
[2025-03-02T17:11:00.651+0000] {processor.py:179} INFO - Processing /opt/airflow/dags/pipeline_orchestration/customer_churn_dag.py took 0.103 seconds
[2025-03-02T17:11:30.974+0000] {processor.py:157} INFO - Started process (PID=670) to work on /opt/airflow/dags/pipeline_orchestration/customer_churn_dag.py
[2025-03-02T17:11:30.979+0000] {processor.py:829} INFO - Processing file /opt/airflow/dags/pipeline_orchestration/customer_churn_dag.py for tasks to queue
[2025-03-02T17:11:30.981+0000] {logging_mixin.py:151} INFO - [2025-03-02T17:11:30.980+0000] {dagbag.py:539} INFO - Filling up the DagBag from /opt/airflow/dags/pipeline_orchestration/customer_churn_dag.py
[2025-03-02T17:11:31.012+0000] {processor.py:839} INFO - DAG(s) dict_keys(['customer_churn_pipeline']) retrieved from /opt/airflow/dags/pipeline_orchestration/customer_churn_dag.py
[2025-03-02T17:11:31.042+0000] {logging_mixin.py:151} INFO - [2025-03-02T17:11:31.042+0000] {dag.py:2915} INFO - Sync 1 DAGs
[2025-03-02T17:11:31.058+0000] {logging_mixin.py:151} INFO - [2025-03-02T17:11:31.058+0000] {dag.py:3696} INFO - Setting next_dagrun for customer_churn_pipeline to 2025-03-02T00:00:00+00:00, run_after=2025-03-03T00:00:00+00:00
[2025-03-02T17:11:31.070+0000] {processor.py:179} INFO - Processing /opt/airflow/dags/pipeline_orchestration/customer_churn_dag.py took 0.101 seconds
[2025-03-02T17:12:01.360+0000] {processor.py:157} INFO - Started process (PID=675) to work on /opt/airflow/dags/pipeline_orchestration/customer_churn_dag.py
[2025-03-02T17:12:01.362+0000] {processor.py:829} INFO - Processing file /opt/airflow/dags/pipeline_orchestration/customer_churn_dag.py for tasks to queue
[2025-03-02T17:12:01.364+0000] {logging_mixin.py:151} INFO - [2025-03-02T17:12:01.363+0000] {dagbag.py:539} INFO - Filling up the DagBag from /opt/airflow/dags/pipeline_orchestration/customer_churn_dag.py
[2025-03-02T17:12:01.400+0000] {processor.py:839} INFO - DAG(s) dict_keys(['customer_churn_pipeline']) retrieved from /opt/airflow/dags/pipeline_orchestration/customer_churn_dag.py
[2025-03-02T17:12:01.446+0000] {logging_mixin.py:151} INFO - [2025-03-02T17:12:01.446+0000] {dag.py:2915} INFO - Sync 1 DAGs
[2025-03-02T17:12:01.462+0000] {logging_mixin.py:151} INFO - [2025-03-02T17:12:01.462+0000] {dag.py:3696} INFO - Setting next_dagrun for customer_churn_pipeline to 2025-03-02T00:00:00+00:00, run_after=2025-03-03T00:00:00+00:00
[2025-03-02T17:12:01.472+0000] {processor.py:179} INFO - Processing /opt/airflow/dags/pipeline_orchestration/customer_churn_dag.py took 0.117 seconds
[2025-03-02T17:12:31.740+0000] {processor.py:157} INFO - Started process (PID=680) to work on /opt/airflow/dags/pipeline_orchestration/customer_churn_dag.py
[2025-03-02T17:12:31.748+0000] {processor.py:829} INFO - Processing file /opt/airflow/dags/pipeline_orchestration/customer_churn_dag.py for tasks to queue
[2025-03-02T17:12:31.751+0000] {logging_mixin.py:151} INFO - [2025-03-02T17:12:31.750+0000] {dagbag.py:539} INFO - Filling up the DagBag from /opt/airflow/dags/pipeline_orchestration/customer_churn_dag.py
[2025-03-02T17:12:31.793+0000] {processor.py:839} INFO - DAG(s) dict_keys(['customer_churn_pipeline']) retrieved from /opt/airflow/dags/pipeline_orchestration/customer_churn_dag.py
[2025-03-02T17:12:31.826+0000] {logging_mixin.py:151} INFO - [2025-03-02T17:12:31.826+0000] {dag.py:2915} INFO - Sync 1 DAGs
[2025-03-02T17:12:31.841+0000] {logging_mixin.py:151} INFO - [2025-03-02T17:12:31.841+0000] {dag.py:3696} INFO - Setting next_dagrun for customer_churn_pipeline to 2025-03-02T00:00:00+00:00, run_after=2025-03-03T00:00:00+00:00
[2025-03-02T17:12:31.852+0000] {processor.py:179} INFO - Processing /opt/airflow/dags/pipeline_orchestration/customer_churn_dag.py took 0.135 seconds
[2025-03-02T17:13:02.268+0000] {processor.py:157} INFO - Started process (PID=685) to work on /opt/airflow/dags/pipeline_orchestration/customer_churn_dag.py
[2025-03-02T17:13:02.270+0000] {processor.py:829} INFO - Processing file /opt/airflow/dags/pipeline_orchestration/customer_churn_dag.py for tasks to queue
[2025-03-02T17:13:02.271+0000] {logging_mixin.py:151} INFO - [2025-03-02T17:13:02.271+0000] {dagbag.py:539} INFO - Filling up the DagBag from /opt/airflow/dags/pipeline_orchestration/customer_churn_dag.py
[2025-03-02T17:13:02.311+0000] {processor.py:839} INFO - DAG(s) dict_keys(['customer_churn_pipeline']) retrieved from /opt/airflow/dags/pipeline_orchestration/customer_churn_dag.py
[2025-03-02T17:13:02.348+0000] {logging_mixin.py:151} INFO - [2025-03-02T17:13:02.348+0000] {dag.py:2915} INFO - Sync 1 DAGs
[2025-03-02T17:13:02.366+0000] {logging_mixin.py:151} INFO - [2025-03-02T17:13:02.366+0000] {dag.py:3696} INFO - Setting next_dagrun for customer_churn_pipeline to 2025-03-02T00:00:00+00:00, run_after=2025-03-03T00:00:00+00:00
[2025-03-02T17:13:02.377+0000] {processor.py:179} INFO - Processing /opt/airflow/dags/pipeline_orchestration/customer_churn_dag.py took 0.114 seconds
[2025-03-02T17:13:32.732+0000] {processor.py:157} INFO - Started process (PID=690) to work on /opt/airflow/dags/pipeline_orchestration/customer_churn_dag.py
[2025-03-02T17:13:32.734+0000] {processor.py:829} INFO - Processing file /opt/airflow/dags/pipeline_orchestration/customer_churn_dag.py for tasks to queue
[2025-03-02T17:13:32.735+0000] {logging_mixin.py:151} INFO - [2025-03-02T17:13:32.735+0000] {dagbag.py:539} INFO - Filling up the DagBag from /opt/airflow/dags/pipeline_orchestration/customer_churn_dag.py
[2025-03-02T17:13:32.769+0000] {processor.py:839} INFO - DAG(s) dict_keys(['customer_churn_pipeline']) retrieved from /opt/airflow/dags/pipeline_orchestration/customer_churn_dag.py
[2025-03-02T17:13:32.802+0000] {logging_mixin.py:151} INFO - [2025-03-02T17:13:32.802+0000] {dag.py:2915} INFO - Sync 1 DAGs
[2025-03-02T17:13:32.822+0000] {logging_mixin.py:151} INFO - [2025-03-02T17:13:32.822+0000] {dag.py:3696} INFO - Setting next_dagrun for customer_churn_pipeline to 2025-03-02T00:00:00+00:00, run_after=2025-03-03T00:00:00+00:00
[2025-03-02T17:13:32.832+0000] {processor.py:179} INFO - Processing /opt/airflow/dags/pipeline_orchestration/customer_churn_dag.py took 0.115 seconds
[2025-03-02T17:14:03.130+0000] {processor.py:157} INFO - Started process (PID=695) to work on /opt/airflow/dags/pipeline_orchestration/customer_churn_dag.py
[2025-03-02T17:14:03.132+0000] {processor.py:829} INFO - Processing file /opt/airflow/dags/pipeline_orchestration/customer_churn_dag.py for tasks to queue
[2025-03-02T17:14:03.133+0000] {logging_mixin.py:151} INFO - [2025-03-02T17:14:03.132+0000] {dagbag.py:539} INFO - Filling up the DagBag from /opt/airflow/dags/pipeline_orchestration/customer_churn_dag.py
[2025-03-02T17:14:03.165+0000] {processor.py:839} INFO - DAG(s) dict_keys(['customer_churn_pipeline']) retrieved from /opt/airflow/dags/pipeline_orchestration/customer_churn_dag.py
[2025-03-02T17:14:03.199+0000] {logging_mixin.py:151} INFO - [2025-03-02T17:14:03.199+0000] {dag.py:2915} INFO - Sync 1 DAGs
[2025-03-02T17:14:03.219+0000] {logging_mixin.py:151} INFO - [2025-03-02T17:14:03.219+0000] {dag.py:3696} INFO - Setting next_dagrun for customer_churn_pipeline to 2025-03-02T00:00:00+00:00, run_after=2025-03-03T00:00:00+00:00
[2025-03-02T17:14:03.231+0000] {processor.py:179} INFO - Processing /opt/airflow/dags/pipeline_orchestration/customer_churn_dag.py took 0.107 seconds
[2025-03-02T17:14:33.569+0000] {processor.py:157} INFO - Started process (PID=700) to work on /opt/airflow/dags/pipeline_orchestration/customer_churn_dag.py
[2025-03-02T17:14:33.571+0000] {processor.py:829} INFO - Processing file /opt/airflow/dags/pipeline_orchestration/customer_churn_dag.py for tasks to queue
[2025-03-02T17:14:33.573+0000] {logging_mixin.py:151} INFO - [2025-03-02T17:14:33.572+0000] {dagbag.py:539} INFO - Filling up the DagBag from /opt/airflow/dags/pipeline_orchestration/customer_churn_dag.py
[2025-03-02T17:14:33.608+0000] {processor.py:839} INFO - DAG(s) dict_keys(['customer_churn_pipeline']) retrieved from /opt/airflow/dags/pipeline_orchestration/customer_churn_dag.py
[2025-03-02T17:14:33.650+0000] {logging_mixin.py:151} INFO - [2025-03-02T17:14:33.649+0000] {dag.py:2915} INFO - Sync 1 DAGs
[2025-03-02T17:14:33.667+0000] {logging_mixin.py:151} INFO - [2025-03-02T17:14:33.667+0000] {dag.py:3696} INFO - Setting next_dagrun for customer_churn_pipeline to 2025-03-02T00:00:00+00:00, run_after=2025-03-03T00:00:00+00:00
[2025-03-02T17:14:33.676+0000] {processor.py:179} INFO - Processing /opt/airflow/dags/pipeline_orchestration/customer_churn_dag.py took 0.118 seconds
[2025-03-02T17:15:03.962+0000] {processor.py:157} INFO - Started process (PID=705) to work on /opt/airflow/dags/pipeline_orchestration/customer_churn_dag.py
[2025-03-02T17:15:03.965+0000] {processor.py:829} INFO - Processing file /opt/airflow/dags/pipeline_orchestration/customer_churn_dag.py for tasks to queue
[2025-03-02T17:15:03.966+0000] {logging_mixin.py:151} INFO - [2025-03-02T17:15:03.966+0000] {dagbag.py:539} INFO - Filling up the DagBag from /opt/airflow/dags/pipeline_orchestration/customer_churn_dag.py
[2025-03-02T17:15:04.000+0000] {processor.py:839} INFO - DAG(s) dict_keys(['customer_churn_pipeline']) retrieved from /opt/airflow/dags/pipeline_orchestration/customer_churn_dag.py
[2025-03-02T17:15:04.031+0000] {logging_mixin.py:151} INFO - [2025-03-02T17:15:04.030+0000] {dag.py:2915} INFO - Sync 1 DAGs
[2025-03-02T17:15:04.046+0000] {logging_mixin.py:151} INFO - [2025-03-02T17:15:04.046+0000] {dag.py:3696} INFO - Setting next_dagrun for customer_churn_pipeline to 2025-03-02T00:00:00+00:00, run_after=2025-03-03T00:00:00+00:00
[2025-03-02T17:15:04.055+0000] {processor.py:179} INFO - Processing /opt/airflow/dags/pipeline_orchestration/customer_churn_dag.py took 0.101 seconds
[2025-03-02T17:15:34.398+0000] {processor.py:157} INFO - Started process (PID=710) to work on /opt/airflow/dags/pipeline_orchestration/customer_churn_dag.py
[2025-03-02T17:15:34.401+0000] {processor.py:829} INFO - Processing file /opt/airflow/dags/pipeline_orchestration/customer_churn_dag.py for tasks to queue
[2025-03-02T17:15:34.402+0000] {logging_mixin.py:151} INFO - [2025-03-02T17:15:34.402+0000] {dagbag.py:539} INFO - Filling up the DagBag from /opt/airflow/dags/pipeline_orchestration/customer_churn_dag.py
[2025-03-02T17:15:34.436+0000] {processor.py:839} INFO - DAG(s) dict_keys(['customer_churn_pipeline']) retrieved from /opt/airflow/dags/pipeline_orchestration/customer_churn_dag.py
[2025-03-02T17:15:34.472+0000] {logging_mixin.py:151} INFO - [2025-03-02T17:15:34.472+0000] {dag.py:2915} INFO - Sync 1 DAGs
[2025-03-02T17:15:34.491+0000] {logging_mixin.py:151} INFO - [2025-03-02T17:15:34.491+0000] {dag.py:3696} INFO - Setting next_dagrun for customer_churn_pipeline to 2025-03-02T00:00:00+00:00, run_after=2025-03-03T00:00:00+00:00
[2025-03-02T17:15:34.503+0000] {processor.py:179} INFO - Processing /opt/airflow/dags/pipeline_orchestration/customer_churn_dag.py took 0.114 seconds
[2025-03-02T17:16:04.813+0000] {processor.py:157} INFO - Started process (PID=715) to work on /opt/airflow/dags/pipeline_orchestration/customer_churn_dag.py
[2025-03-02T17:16:04.816+0000] {processor.py:829} INFO - Processing file /opt/airflow/dags/pipeline_orchestration/customer_churn_dag.py for tasks to queue
[2025-03-02T17:16:04.818+0000] {logging_mixin.py:151} INFO - [2025-03-02T17:16:04.817+0000] {dagbag.py:539} INFO - Filling up the DagBag from /opt/airflow/dags/pipeline_orchestration/customer_churn_dag.py
[2025-03-02T17:16:04.852+0000] {processor.py:839} INFO - DAG(s) dict_keys(['customer_churn_pipeline']) retrieved from /opt/airflow/dags/pipeline_orchestration/customer_churn_dag.py
[2025-03-02T17:16:04.884+0000] {logging_mixin.py:151} INFO - [2025-03-02T17:16:04.884+0000] {dag.py:2915} INFO - Sync 1 DAGs
[2025-03-02T17:16:04.902+0000] {logging_mixin.py:151} INFO - [2025-03-02T17:16:04.902+0000] {dag.py:3696} INFO - Setting next_dagrun for customer_churn_pipeline to 2025-03-02T00:00:00+00:00, run_after=2025-03-03T00:00:00+00:00
[2025-03-02T17:16:04.912+0000] {processor.py:179} INFO - Processing /opt/airflow/dags/pipeline_orchestration/customer_churn_dag.py took 0.105 seconds
[2025-03-02T17:16:35.228+0000] {processor.py:157} INFO - Started process (PID=720) to work on /opt/airflow/dags/pipeline_orchestration/customer_churn_dag.py
[2025-03-02T17:16:35.231+0000] {processor.py:829} INFO - Processing file /opt/airflow/dags/pipeline_orchestration/customer_churn_dag.py for tasks to queue
[2025-03-02T17:16:35.233+0000] {logging_mixin.py:151} INFO - [2025-03-02T17:16:35.232+0000] {dagbag.py:539} INFO - Filling up the DagBag from /opt/airflow/dags/pipeline_orchestration/customer_churn_dag.py
[2025-03-02T17:16:35.274+0000] {processor.py:839} INFO - DAG(s) dict_keys(['customer_churn_pipeline']) retrieved from /opt/airflow/dags/pipeline_orchestration/customer_churn_dag.py
[2025-03-02T17:16:35.313+0000] {logging_mixin.py:151} INFO - [2025-03-02T17:16:35.313+0000] {dag.py:2915} INFO - Sync 1 DAGs
[2025-03-02T17:16:35.329+0000] {logging_mixin.py:151} INFO - [2025-03-02T17:16:35.329+0000] {dag.py:3696} INFO - Setting next_dagrun for customer_churn_pipeline to 2025-03-02T00:00:00+00:00, run_after=2025-03-03T00:00:00+00:00
[2025-03-02T17:16:35.342+0000] {processor.py:179} INFO - Processing /opt/airflow/dags/pipeline_orchestration/customer_churn_dag.py took 0.121 seconds
[2025-03-02T17:17:05.674+0000] {processor.py:157} INFO - Started process (PID=725) to work on /opt/airflow/dags/pipeline_orchestration/customer_churn_dag.py
[2025-03-02T17:17:05.678+0000] {processor.py:829} INFO - Processing file /opt/airflow/dags/pipeline_orchestration/customer_churn_dag.py for tasks to queue
[2025-03-02T17:17:05.679+0000] {logging_mixin.py:151} INFO - [2025-03-02T17:17:05.678+0000] {dagbag.py:539} INFO - Filling up the DagBag from /opt/airflow/dags/pipeline_orchestration/customer_churn_dag.py
[2025-03-02T17:17:05.716+0000] {processor.py:839} INFO - DAG(s) dict_keys(['customer_churn_pipeline']) retrieved from /opt/airflow/dags/pipeline_orchestration/customer_churn_dag.py
[2025-03-02T17:17:05.754+0000] {logging_mixin.py:151} INFO - [2025-03-02T17:17:05.754+0000] {dag.py:2915} INFO - Sync 1 DAGs
[2025-03-02T17:17:05.770+0000] {logging_mixin.py:151} INFO - [2025-03-02T17:17:05.770+0000] {dag.py:3696} INFO - Setting next_dagrun for customer_churn_pipeline to 2025-03-02T00:00:00+00:00, run_after=2025-03-03T00:00:00+00:00
[2025-03-02T17:17:05.782+0000] {processor.py:179} INFO - Processing /opt/airflow/dags/pipeline_orchestration/customer_churn_dag.py took 0.117 seconds
[2025-03-02T17:17:36.146+0000] {processor.py:157} INFO - Started process (PID=730) to work on /opt/airflow/dags/pipeline_orchestration/customer_churn_dag.py
[2025-03-02T17:17:36.148+0000] {processor.py:829} INFO - Processing file /opt/airflow/dags/pipeline_orchestration/customer_churn_dag.py for tasks to queue
[2025-03-02T17:17:36.150+0000] {logging_mixin.py:151} INFO - [2025-03-02T17:17:36.149+0000] {dagbag.py:539} INFO - Filling up the DagBag from /opt/airflow/dags/pipeline_orchestration/customer_churn_dag.py
[2025-03-02T17:17:36.182+0000] {processor.py:839} INFO - DAG(s) dict_keys(['customer_churn_pipeline']) retrieved from /opt/airflow/dags/pipeline_orchestration/customer_churn_dag.py
[2025-03-02T17:17:36.217+0000] {logging_mixin.py:151} INFO - [2025-03-02T17:17:36.217+0000] {dag.py:2915} INFO - Sync 1 DAGs
[2025-03-02T17:17:36.233+0000] {logging_mixin.py:151} INFO - [2025-03-02T17:17:36.233+0000] {dag.py:3696} INFO - Setting next_dagrun for customer_churn_pipeline to 2025-03-02T00:00:00+00:00, run_after=2025-03-03T00:00:00+00:00
[2025-03-02T17:17:36.243+0000] {processor.py:179} INFO - Processing /opt/airflow/dags/pipeline_orchestration/customer_churn_dag.py took 0.103 seconds
[2025-03-02T17:18:06.609+0000] {processor.py:157} INFO - Started process (PID=735) to work on /opt/airflow/dags/pipeline_orchestration/customer_churn_dag.py
[2025-03-02T17:18:06.612+0000] {processor.py:829} INFO - Processing file /opt/airflow/dags/pipeline_orchestration/customer_churn_dag.py for tasks to queue
[2025-03-02T17:18:06.613+0000] {logging_mixin.py:151} INFO - [2025-03-02T17:18:06.613+0000] {dagbag.py:539} INFO - Filling up the DagBag from /opt/airflow/dags/pipeline_orchestration/customer_churn_dag.py
[2025-03-02T17:18:06.653+0000] {processor.py:839} INFO - DAG(s) dict_keys(['customer_churn_pipeline']) retrieved from /opt/airflow/dags/pipeline_orchestration/customer_churn_dag.py
[2025-03-02T17:18:06.702+0000] {logging_mixin.py:151} INFO - [2025-03-02T17:18:06.701+0000] {dag.py:2915} INFO - Sync 1 DAGs
[2025-03-02T17:18:06.724+0000] {logging_mixin.py:151} INFO - [2025-03-02T17:18:06.724+0000] {dag.py:3696} INFO - Setting next_dagrun for customer_churn_pipeline to 2025-03-02T00:00:00+00:00, run_after=2025-03-03T00:00:00+00:00
[2025-03-02T17:18:06.734+0000] {processor.py:179} INFO - Processing /opt/airflow/dags/pipeline_orchestration/customer_churn_dag.py took 0.136 seconds
[2025-03-02T17:18:37.061+0000] {processor.py:157} INFO - Started process (PID=740) to work on /opt/airflow/dags/pipeline_orchestration/customer_churn_dag.py
[2025-03-02T17:18:37.065+0000] {processor.py:829} INFO - Processing file /opt/airflow/dags/pipeline_orchestration/customer_churn_dag.py for tasks to queue
[2025-03-02T17:18:37.067+0000] {logging_mixin.py:151} INFO - [2025-03-02T17:18:37.066+0000] {dagbag.py:539} INFO - Filling up the DagBag from /opt/airflow/dags/pipeline_orchestration/customer_churn_dag.py
[2025-03-02T17:18:37.102+0000] {processor.py:839} INFO - DAG(s) dict_keys(['customer_churn_pipeline']) retrieved from /opt/airflow/dags/pipeline_orchestration/customer_churn_dag.py
[2025-03-02T17:18:37.144+0000] {logging_mixin.py:151} INFO - [2025-03-02T17:18:37.143+0000] {dag.py:2915} INFO - Sync 1 DAGs
[2025-03-02T17:18:37.161+0000] {logging_mixin.py:151} INFO - [2025-03-02T17:18:37.161+0000] {dag.py:3696} INFO - Setting next_dagrun for customer_churn_pipeline to 2025-03-02T00:00:00+00:00, run_after=2025-03-03T00:00:00+00:00
[2025-03-02T17:18:37.171+0000] {processor.py:179} INFO - Processing /opt/airflow/dags/pipeline_orchestration/customer_churn_dag.py took 0.119 seconds
[2025-03-02T17:19:07.521+0000] {processor.py:157} INFO - Started process (PID=745) to work on /opt/airflow/dags/pipeline_orchestration/customer_churn_dag.py
[2025-03-02T17:19:07.524+0000] {processor.py:829} INFO - Processing file /opt/airflow/dags/pipeline_orchestration/customer_churn_dag.py for tasks to queue
[2025-03-02T17:19:07.525+0000] {logging_mixin.py:151} INFO - [2025-03-02T17:19:07.525+0000] {dagbag.py:539} INFO - Filling up the DagBag from /opt/airflow/dags/pipeline_orchestration/customer_churn_dag.py
[2025-03-02T17:19:07.556+0000] {processor.py:839} INFO - DAG(s) dict_keys(['customer_churn_pipeline']) retrieved from /opt/airflow/dags/pipeline_orchestration/customer_churn_dag.py
[2025-03-02T17:19:07.587+0000] {logging_mixin.py:151} INFO - [2025-03-02T17:19:07.587+0000] {dag.py:2915} INFO - Sync 1 DAGs
[2025-03-02T17:19:07.604+0000] {logging_mixin.py:151} INFO - [2025-03-02T17:19:07.604+0000] {dag.py:3696} INFO - Setting next_dagrun for customer_churn_pipeline to 2025-03-02T00:00:00+00:00, run_after=2025-03-03T00:00:00+00:00
[2025-03-02T17:19:07.614+0000] {processor.py:179} INFO - Processing /opt/airflow/dags/pipeline_orchestration/customer_churn_dag.py took 0.099 seconds
[2025-03-02T17:19:37.939+0000] {processor.py:157} INFO - Started process (PID=750) to work on /opt/airflow/dags/pipeline_orchestration/customer_churn_dag.py
[2025-03-02T17:19:37.941+0000] {processor.py:829} INFO - Processing file /opt/airflow/dags/pipeline_orchestration/customer_churn_dag.py for tasks to queue
[2025-03-02T17:19:37.943+0000] {logging_mixin.py:151} INFO - [2025-03-02T17:19:37.942+0000] {dagbag.py:539} INFO - Filling up the DagBag from /opt/airflow/dags/pipeline_orchestration/customer_churn_dag.py
[2025-03-02T17:19:37.977+0000] {processor.py:839} INFO - DAG(s) dict_keys(['customer_churn_pipeline']) retrieved from /opt/airflow/dags/pipeline_orchestration/customer_churn_dag.py
[2025-03-02T17:19:38.016+0000] {logging_mixin.py:151} INFO - [2025-03-02T17:19:38.016+0000] {dag.py:2915} INFO - Sync 1 DAGs
[2025-03-02T17:19:38.031+0000] {logging_mixin.py:151} INFO - [2025-03-02T17:19:38.031+0000] {dag.py:3696} INFO - Setting next_dagrun for customer_churn_pipeline to 2025-03-02T00:00:00+00:00, run_after=2025-03-03T00:00:00+00:00
[2025-03-02T17:19:38.041+0000] {processor.py:179} INFO - Processing /opt/airflow/dags/pipeline_orchestration/customer_churn_dag.py took 0.115 seconds
[2025-03-02T17:20:08.332+0000] {processor.py:157} INFO - Started process (PID=755) to work on /opt/airflow/dags/pipeline_orchestration/customer_churn_dag.py
[2025-03-02T17:20:08.335+0000] {processor.py:829} INFO - Processing file /opt/airflow/dags/pipeline_orchestration/customer_churn_dag.py for tasks to queue
[2025-03-02T17:20:08.336+0000] {logging_mixin.py:151} INFO - [2025-03-02T17:20:08.335+0000] {dagbag.py:539} INFO - Filling up the DagBag from /opt/airflow/dags/pipeline_orchestration/customer_churn_dag.py
[2025-03-02T17:20:08.363+0000] {processor.py:839} INFO - DAG(s) dict_keys(['customer_churn_pipeline']) retrieved from /opt/airflow/dags/pipeline_orchestration/customer_churn_dag.py
[2025-03-02T17:20:08.400+0000] {logging_mixin.py:151} INFO - [2025-03-02T17:20:08.399+0000] {dag.py:2915} INFO - Sync 1 DAGs
[2025-03-02T17:20:08.415+0000] {logging_mixin.py:151} INFO - [2025-03-02T17:20:08.415+0000] {dag.py:3696} INFO - Setting next_dagrun for customer_churn_pipeline to 2025-03-02T00:00:00+00:00, run_after=2025-03-03T00:00:00+00:00
[2025-03-02T17:20:08.425+0000] {processor.py:179} INFO - Processing /opt/airflow/dags/pipeline_orchestration/customer_churn_dag.py took 0.098 seconds
[2025-03-02T17:20:38.716+0000] {processor.py:157} INFO - Started process (PID=760) to work on /opt/airflow/dags/pipeline_orchestration/customer_churn_dag.py
[2025-03-02T17:20:38.721+0000] {processor.py:829} INFO - Processing file /opt/airflow/dags/pipeline_orchestration/customer_churn_dag.py for tasks to queue
[2025-03-02T17:20:38.724+0000] {logging_mixin.py:151} INFO - [2025-03-02T17:20:38.722+0000] {dagbag.py:539} INFO - Filling up the DagBag from /opt/airflow/dags/pipeline_orchestration/customer_churn_dag.py
[2025-03-02T17:20:38.757+0000] {processor.py:839} INFO - DAG(s) dict_keys(['customer_churn_pipeline']) retrieved from /opt/airflow/dags/pipeline_orchestration/customer_churn_dag.py
[2025-03-02T17:20:38.795+0000] {logging_mixin.py:151} INFO - [2025-03-02T17:20:38.795+0000] {dag.py:2915} INFO - Sync 1 DAGs
[2025-03-02T17:20:38.810+0000] {logging_mixin.py:151} INFO - [2025-03-02T17:20:38.810+0000] {dag.py:3696} INFO - Setting next_dagrun for customer_churn_pipeline to 2025-03-02T00:00:00+00:00, run_after=2025-03-03T00:00:00+00:00
[2025-03-02T17:20:38.819+0000] {processor.py:179} INFO - Processing /opt/airflow/dags/pipeline_orchestration/customer_churn_dag.py took 0.108 seconds
[2025-03-02T17:21:09.220+0000] {processor.py:157} INFO - Started process (PID=765) to work on /opt/airflow/dags/pipeline_orchestration/customer_churn_dag.py
[2025-03-02T17:21:09.222+0000] {processor.py:829} INFO - Processing file /opt/airflow/dags/pipeline_orchestration/customer_churn_dag.py for tasks to queue
[2025-03-02T17:21:09.223+0000] {logging_mixin.py:151} INFO - [2025-03-02T17:21:09.223+0000] {dagbag.py:539} INFO - Filling up the DagBag from /opt/airflow/dags/pipeline_orchestration/customer_churn_dag.py
[2025-03-02T17:21:09.259+0000] {processor.py:839} INFO - DAG(s) dict_keys(['customer_churn_pipeline']) retrieved from /opt/airflow/dags/pipeline_orchestration/customer_churn_dag.py
[2025-03-02T17:21:09.296+0000] {logging_mixin.py:151} INFO - [2025-03-02T17:21:09.296+0000] {dag.py:2915} INFO - Sync 1 DAGs
[2025-03-02T17:21:09.311+0000] {logging_mixin.py:151} INFO - [2025-03-02T17:21:09.311+0000] {dag.py:3696} INFO - Setting next_dagrun for customer_churn_pipeline to 2025-03-02T00:00:00+00:00, run_after=2025-03-03T00:00:00+00:00
[2025-03-02T17:21:09.320+0000] {processor.py:179} INFO - Processing /opt/airflow/dags/pipeline_orchestration/customer_churn_dag.py took 0.105 seconds
[2025-03-02T17:21:39.681+0000] {processor.py:157} INFO - Started process (PID=770) to work on /opt/airflow/dags/pipeline_orchestration/customer_churn_dag.py
[2025-03-02T17:21:39.684+0000] {processor.py:829} INFO - Processing file /opt/airflow/dags/pipeline_orchestration/customer_churn_dag.py for tasks to queue
[2025-03-02T17:21:39.685+0000] {logging_mixin.py:151} INFO - [2025-03-02T17:21:39.685+0000] {dagbag.py:539} INFO - Filling up the DagBag from /opt/airflow/dags/pipeline_orchestration/customer_churn_dag.py
[2025-03-02T17:21:39.721+0000] {processor.py:839} INFO - DAG(s) dict_keys(['customer_churn_pipeline']) retrieved from /opt/airflow/dags/pipeline_orchestration/customer_churn_dag.py
[2025-03-02T17:21:39.751+0000] {logging_mixin.py:151} INFO - [2025-03-02T17:21:39.750+0000] {dag.py:2915} INFO - Sync 1 DAGs
[2025-03-02T17:21:39.770+0000] {logging_mixin.py:151} INFO - [2025-03-02T17:21:39.770+0000] {dag.py:3696} INFO - Setting next_dagrun for customer_churn_pipeline to 2025-03-02T00:00:00+00:00, run_after=2025-03-03T00:00:00+00:00
[2025-03-02T17:21:39.779+0000] {processor.py:179} INFO - Processing /opt/airflow/dags/pipeline_orchestration/customer_churn_dag.py took 0.104 seconds
[2025-03-02T17:22:10.165+0000] {processor.py:157} INFO - Started process (PID=775) to work on /opt/airflow/dags/pipeline_orchestration/customer_churn_dag.py
[2025-03-02T17:22:10.168+0000] {processor.py:829} INFO - Processing file /opt/airflow/dags/pipeline_orchestration/customer_churn_dag.py for tasks to queue
[2025-03-02T17:22:10.170+0000] {logging_mixin.py:151} INFO - [2025-03-02T17:22:10.169+0000] {dagbag.py:539} INFO - Filling up the DagBag from /opt/airflow/dags/pipeline_orchestration/customer_churn_dag.py
[2025-03-02T17:22:10.195+0000] {processor.py:839} INFO - DAG(s) dict_keys(['customer_churn_pipeline']) retrieved from /opt/airflow/dags/pipeline_orchestration/customer_churn_dag.py
[2025-03-02T17:22:10.229+0000] {logging_mixin.py:151} INFO - [2025-03-02T17:22:10.229+0000] {dag.py:2915} INFO - Sync 1 DAGs
[2025-03-02T17:22:10.244+0000] {logging_mixin.py:151} INFO - [2025-03-02T17:22:10.244+0000] {dag.py:3696} INFO - Setting next_dagrun for customer_churn_pipeline to 2025-03-02T00:00:00+00:00, run_after=2025-03-03T00:00:00+00:00
[2025-03-02T17:22:10.253+0000] {processor.py:179} INFO - Processing /opt/airflow/dags/pipeline_orchestration/customer_churn_dag.py took 0.093 seconds
[2025-03-02T17:22:40.590+0000] {processor.py:157} INFO - Started process (PID=780) to work on /opt/airflow/dags/pipeline_orchestration/customer_churn_dag.py
[2025-03-02T17:22:40.594+0000] {processor.py:829} INFO - Processing file /opt/airflow/dags/pipeline_orchestration/customer_churn_dag.py for tasks to queue
[2025-03-02T17:22:40.595+0000] {logging_mixin.py:151} INFO - [2025-03-02T17:22:40.594+0000] {dagbag.py:539} INFO - Filling up the DagBag from /opt/airflow/dags/pipeline_orchestration/customer_churn_dag.py
[2025-03-02T17:22:40.627+0000] {processor.py:839} INFO - DAG(s) dict_keys(['customer_churn_pipeline']) retrieved from /opt/airflow/dags/pipeline_orchestration/customer_churn_dag.py
[2025-03-02T17:22:40.663+0000] {logging_mixin.py:151} INFO - [2025-03-02T17:22:40.663+0000] {dag.py:2915} INFO - Sync 1 DAGs
[2025-03-02T17:22:40.677+0000] {logging_mixin.py:151} INFO - [2025-03-02T17:22:40.677+0000] {dag.py:3696} INFO - Setting next_dagrun for customer_churn_pipeline to 2025-03-02T00:00:00+00:00, run_after=2025-03-03T00:00:00+00:00
[2025-03-02T17:22:40.686+0000] {processor.py:179} INFO - Processing /opt/airflow/dags/pipeline_orchestration/customer_churn_dag.py took 0.102 seconds
[2025-03-02T17:23:11.042+0000] {processor.py:157} INFO - Started process (PID=785) to work on /opt/airflow/dags/pipeline_orchestration/customer_churn_dag.py
[2025-03-02T17:23:11.044+0000] {processor.py:829} INFO - Processing file /opt/airflow/dags/pipeline_orchestration/customer_churn_dag.py for tasks to queue
[2025-03-02T17:23:11.046+0000] {logging_mixin.py:151} INFO - [2025-03-02T17:23:11.045+0000] {dagbag.py:539} INFO - Filling up the DagBag from /opt/airflow/dags/pipeline_orchestration/customer_churn_dag.py
[2025-03-02T17:23:11.077+0000] {processor.py:839} INFO - DAG(s) dict_keys(['customer_churn_pipeline']) retrieved from /opt/airflow/dags/pipeline_orchestration/customer_churn_dag.py
[2025-03-02T17:23:11.111+0000] {logging_mixin.py:151} INFO - [2025-03-02T17:23:11.111+0000] {dag.py:2915} INFO - Sync 1 DAGs
[2025-03-02T17:23:11.130+0000] {logging_mixin.py:151} INFO - [2025-03-02T17:23:11.130+0000] {dag.py:3696} INFO - Setting next_dagrun for customer_churn_pipeline to 2025-03-02T00:00:00+00:00, run_after=2025-03-03T00:00:00+00:00
[2025-03-02T17:23:11.139+0000] {processor.py:179} INFO - Processing /opt/airflow/dags/pipeline_orchestration/customer_churn_dag.py took 0.106 seconds
[2025-03-02T17:23:41.538+0000] {processor.py:157} INFO - Started process (PID=790) to work on /opt/airflow/dags/pipeline_orchestration/customer_churn_dag.py
[2025-03-02T17:23:41.544+0000] {processor.py:829} INFO - Processing file /opt/airflow/dags/pipeline_orchestration/customer_churn_dag.py for tasks to queue
[2025-03-02T17:23:41.545+0000] {logging_mixin.py:151} INFO - [2025-03-02T17:23:41.544+0000] {dagbag.py:539} INFO - Filling up the DagBag from /opt/airflow/dags/pipeline_orchestration/customer_churn_dag.py
[2025-03-02T17:23:41.576+0000] {processor.py:839} INFO - DAG(s) dict_keys(['customer_churn_pipeline']) retrieved from /opt/airflow/dags/pipeline_orchestration/customer_churn_dag.py
[2025-03-02T17:23:41.612+0000] {logging_mixin.py:151} INFO - [2025-03-02T17:23:41.612+0000] {dag.py:2915} INFO - Sync 1 DAGs
[2025-03-02T17:23:41.632+0000] {logging_mixin.py:151} INFO - [2025-03-02T17:23:41.632+0000] {dag.py:3696} INFO - Setting next_dagrun for customer_churn_pipeline to 2025-03-02T00:00:00+00:00, run_after=2025-03-03T00:00:00+00:00
[2025-03-02T17:23:41.642+0000] {processor.py:179} INFO - Processing /opt/airflow/dags/pipeline_orchestration/customer_churn_dag.py took 0.113 seconds
[2025-03-02T17:24:12.009+0000] {processor.py:157} INFO - Started process (PID=795) to work on /opt/airflow/dags/pipeline_orchestration/customer_churn_dag.py
[2025-03-02T17:24:12.011+0000] {processor.py:829} INFO - Processing file /opt/airflow/dags/pipeline_orchestration/customer_churn_dag.py for tasks to queue
[2025-03-02T17:24:12.013+0000] {logging_mixin.py:151} INFO - [2025-03-02T17:24:12.012+0000] {dagbag.py:539} INFO - Filling up the DagBag from /opt/airflow/dags/pipeline_orchestration/customer_churn_dag.py
[2025-03-02T17:24:12.045+0000] {processor.py:839} INFO - DAG(s) dict_keys(['customer_churn_pipeline']) retrieved from /opt/airflow/dags/pipeline_orchestration/customer_churn_dag.py
[2025-03-02T17:24:12.082+0000] {logging_mixin.py:151} INFO - [2025-03-02T17:24:12.082+0000] {dag.py:2915} INFO - Sync 1 DAGs
[2025-03-02T17:24:12.099+0000] {logging_mixin.py:151} INFO - [2025-03-02T17:24:12.099+0000] {dag.py:3696} INFO - Setting next_dagrun for customer_churn_pipeline to 2025-03-02T00:00:00+00:00, run_after=2025-03-03T00:00:00+00:00
[2025-03-02T17:24:12.110+0000] {processor.py:179} INFO - Processing /opt/airflow/dags/pipeline_orchestration/customer_churn_dag.py took 0.107 seconds
[2025-03-02T17:24:42.457+0000] {processor.py:157} INFO - Started process (PID=800) to work on /opt/airflow/dags/pipeline_orchestration/customer_churn_dag.py
[2025-03-02T17:24:42.460+0000] {processor.py:829} INFO - Processing file /opt/airflow/dags/pipeline_orchestration/customer_churn_dag.py for tasks to queue
[2025-03-02T17:24:42.462+0000] {logging_mixin.py:151} INFO - [2025-03-02T17:24:42.461+0000] {dagbag.py:539} INFO - Filling up the DagBag from /opt/airflow/dags/pipeline_orchestration/customer_churn_dag.py
[2025-03-02T17:24:42.498+0000] {processor.py:839} INFO - DAG(s) dict_keys(['customer_churn_pipeline']) retrieved from /opt/airflow/dags/pipeline_orchestration/customer_churn_dag.py
[2025-03-02T17:24:42.537+0000] {logging_mixin.py:151} INFO - [2025-03-02T17:24:42.536+0000] {dag.py:2915} INFO - Sync 1 DAGs
[2025-03-02T17:24:42.557+0000] {logging_mixin.py:151} INFO - [2025-03-02T17:24:42.557+0000] {dag.py:3696} INFO - Setting next_dagrun for customer_churn_pipeline to 2025-03-02T00:00:00+00:00, run_after=2025-03-03T00:00:00+00:00
[2025-03-02T17:24:42.567+0000] {processor.py:179} INFO - Processing /opt/airflow/dags/pipeline_orchestration/customer_churn_dag.py took 0.116 seconds
[2025-03-02T17:25:12.959+0000] {processor.py:157} INFO - Started process (PID=805) to work on /opt/airflow/dags/pipeline_orchestration/customer_churn_dag.py
[2025-03-02T17:25:12.962+0000] {processor.py:829} INFO - Processing file /opt/airflow/dags/pipeline_orchestration/customer_churn_dag.py for tasks to queue
[2025-03-02T17:25:12.963+0000] {logging_mixin.py:151} INFO - [2025-03-02T17:25:12.963+0000] {dagbag.py:539} INFO - Filling up the DagBag from /opt/airflow/dags/pipeline_orchestration/customer_churn_dag.py
[2025-03-02T17:25:12.987+0000] {processor.py:839} INFO - DAG(s) dict_keys(['customer_churn_pipeline']) retrieved from /opt/airflow/dags/pipeline_orchestration/customer_churn_dag.py
[2025-03-02T17:25:13.025+0000] {logging_mixin.py:151} INFO - [2025-03-02T17:25:13.025+0000] {dag.py:2915} INFO - Sync 1 DAGs
[2025-03-02T17:25:13.042+0000] {logging_mixin.py:151} INFO - [2025-03-02T17:25:13.042+0000] {dag.py:3696} INFO - Setting next_dagrun for customer_churn_pipeline to 2025-03-02T00:00:00+00:00, run_after=2025-03-03T00:00:00+00:00
[2025-03-02T17:25:13.052+0000] {processor.py:179} INFO - Processing /opt/airflow/dags/pipeline_orchestration/customer_churn_dag.py took 0.104 seconds
[2025-03-02T17:25:43.421+0000] {processor.py:157} INFO - Started process (PID=810) to work on /opt/airflow/dags/pipeline_orchestration/customer_churn_dag.py
[2025-03-02T17:25:43.423+0000] {processor.py:829} INFO - Processing file /opt/airflow/dags/pipeline_orchestration/customer_churn_dag.py for tasks to queue
[2025-03-02T17:25:43.425+0000] {logging_mixin.py:151} INFO - [2025-03-02T17:25:43.424+0000] {dagbag.py:539} INFO - Filling up the DagBag from /opt/airflow/dags/pipeline_orchestration/customer_churn_dag.py
[2025-03-02T17:25:43.463+0000] {processor.py:839} INFO - DAG(s) dict_keys(['customer_churn_pipeline']) retrieved from /opt/airflow/dags/pipeline_orchestration/customer_churn_dag.py
[2025-03-02T17:25:43.510+0000] {logging_mixin.py:151} INFO - [2025-03-02T17:25:43.510+0000] {dag.py:2915} INFO - Sync 1 DAGs
[2025-03-02T17:25:43.539+0000] {logging_mixin.py:151} INFO - [2025-03-02T17:25:43.539+0000] {dag.py:3696} INFO - Setting next_dagrun for customer_churn_pipeline to 2025-03-02T00:00:00+00:00, run_after=2025-03-03T00:00:00+00:00
[2025-03-02T17:25:43.550+0000] {processor.py:179} INFO - Processing /opt/airflow/dags/pipeline_orchestration/customer_churn_dag.py took 0.137 seconds
[2025-03-02T17:26:13.865+0000] {processor.py:157} INFO - Started process (PID=815) to work on /opt/airflow/dags/pipeline_orchestration/customer_churn_dag.py
[2025-03-02T17:26:13.868+0000] {processor.py:829} INFO - Processing file /opt/airflow/dags/pipeline_orchestration/customer_churn_dag.py for tasks to queue
[2025-03-02T17:26:13.870+0000] {logging_mixin.py:151} INFO - [2025-03-02T17:26:13.869+0000] {dagbag.py:539} INFO - Filling up the DagBag from /opt/airflow/dags/pipeline_orchestration/customer_churn_dag.py
[2025-03-02T17:26:13.900+0000] {processor.py:839} INFO - DAG(s) dict_keys(['customer_churn_pipeline']) retrieved from /opt/airflow/dags/pipeline_orchestration/customer_churn_dag.py
[2025-03-02T17:26:13.940+0000] {logging_mixin.py:151} INFO - [2025-03-02T17:26:13.940+0000] {dag.py:2915} INFO - Sync 1 DAGs
[2025-03-02T17:26:13.958+0000] {logging_mixin.py:151} INFO - [2025-03-02T17:26:13.958+0000] {dag.py:3696} INFO - Setting next_dagrun for customer_churn_pipeline to 2025-03-02T00:00:00+00:00, run_after=2025-03-03T00:00:00+00:00
[2025-03-02T17:26:13.970+0000] {processor.py:179} INFO - Processing /opt/airflow/dags/pipeline_orchestration/customer_churn_dag.py took 0.116 seconds
[2025-03-02T17:26:44.247+0000] {processor.py:157} INFO - Started process (PID=820) to work on /opt/airflow/dags/pipeline_orchestration/customer_churn_dag.py
[2025-03-02T17:26:44.250+0000] {processor.py:829} INFO - Processing file /opt/airflow/dags/pipeline_orchestration/customer_churn_dag.py for tasks to queue
[2025-03-02T17:26:44.251+0000] {logging_mixin.py:151} INFO - [2025-03-02T17:26:44.250+0000] {dagbag.py:539} INFO - Filling up the DagBag from /opt/airflow/dags/pipeline_orchestration/customer_churn_dag.py
[2025-03-02T17:26:44.286+0000] {processor.py:839} INFO - DAG(s) dict_keys(['customer_churn_pipeline']) retrieved from /opt/airflow/dags/pipeline_orchestration/customer_churn_dag.py
[2025-03-02T17:26:44.330+0000] {logging_mixin.py:151} INFO - [2025-03-02T17:26:44.330+0000] {dag.py:2915} INFO - Sync 1 DAGs
[2025-03-02T17:26:44.346+0000] {logging_mixin.py:151} INFO - [2025-03-02T17:26:44.346+0000] {dag.py:3696} INFO - Setting next_dagrun for customer_churn_pipeline to 2025-03-02T00:00:00+00:00, run_after=2025-03-03T00:00:00+00:00
[2025-03-02T17:26:44.356+0000] {processor.py:179} INFO - Processing /opt/airflow/dags/pipeline_orchestration/customer_churn_dag.py took 0.114 seconds
[2025-03-02T17:27:14.697+0000] {processor.py:157} INFO - Started process (PID=825) to work on /opt/airflow/dags/pipeline_orchestration/customer_churn_dag.py
[2025-03-02T17:27:14.699+0000] {processor.py:829} INFO - Processing file /opt/airflow/dags/pipeline_orchestration/customer_churn_dag.py for tasks to queue
[2025-03-02T17:27:14.700+0000] {logging_mixin.py:151} INFO - [2025-03-02T17:27:14.700+0000] {dagbag.py:539} INFO - Filling up the DagBag from /opt/airflow/dags/pipeline_orchestration/customer_churn_dag.py
[2025-03-02T17:27:14.814+0000] {processor.py:839} INFO - DAG(s) dict_keys(['customer_churn_pipeline']) retrieved from /opt/airflow/dags/pipeline_orchestration/customer_churn_dag.py
[2025-03-02T17:27:14.892+0000] {logging_mixin.py:151} INFO - [2025-03-02T17:27:14.892+0000] {dag.py:2915} INFO - Sync 1 DAGs
[2025-03-02T17:27:14.916+0000] {logging_mixin.py:151} INFO - [2025-03-02T17:27:14.916+0000] {dag.py:3696} INFO - Setting next_dagrun for customer_churn_pipeline to 2025-03-02T00:00:00+00:00, run_after=2025-03-03T00:00:00+00:00
[2025-03-02T17:27:14.929+0000] {processor.py:179} INFO - Processing /opt/airflow/dags/pipeline_orchestration/customer_churn_dag.py took 0.244 seconds
[2025-03-02T17:27:45.149+0000] {processor.py:157} INFO - Started process (PID=830) to work on /opt/airflow/dags/pipeline_orchestration/customer_churn_dag.py
[2025-03-02T17:27:45.159+0000] {processor.py:829} INFO - Processing file /opt/airflow/dags/pipeline_orchestration/customer_churn_dag.py for tasks to queue
[2025-03-02T17:27:45.163+0000] {logging_mixin.py:151} INFO - [2025-03-02T17:27:45.162+0000] {dagbag.py:539} INFO - Filling up the DagBag from /opt/airflow/dags/pipeline_orchestration/customer_churn_dag.py
[2025-03-02T17:27:45.196+0000] {processor.py:839} INFO - DAG(s) dict_keys(['customer_churn_pipeline']) retrieved from /opt/airflow/dags/pipeline_orchestration/customer_churn_dag.py
[2025-03-02T17:27:45.236+0000] {logging_mixin.py:151} INFO - [2025-03-02T17:27:45.236+0000] {dag.py:2915} INFO - Sync 1 DAGs
[2025-03-02T17:27:45.257+0000] {logging_mixin.py:151} INFO - [2025-03-02T17:27:45.257+0000] {dag.py:3696} INFO - Setting next_dagrun for customer_churn_pipeline to 2025-03-02T00:00:00+00:00, run_after=2025-03-03T00:00:00+00:00
[2025-03-02T17:27:45.268+0000] {processor.py:179} INFO - Processing /opt/airflow/dags/pipeline_orchestration/customer_churn_dag.py took 0.134 seconds
[2025-03-02T17:28:15.685+0000] {processor.py:157} INFO - Started process (PID=835) to work on /opt/airflow/dags/pipeline_orchestration/customer_churn_dag.py
[2025-03-02T17:28:15.689+0000] {processor.py:829} INFO - Processing file /opt/airflow/dags/pipeline_orchestration/customer_churn_dag.py for tasks to queue
[2025-03-02T17:28:15.690+0000] {logging_mixin.py:151} INFO - [2025-03-02T17:28:15.689+0000] {dagbag.py:539} INFO - Filling up the DagBag from /opt/airflow/dags/pipeline_orchestration/customer_churn_dag.py
[2025-03-02T17:28:15.721+0000] {processor.py:839} INFO - DAG(s) dict_keys(['customer_churn_pipeline']) retrieved from /opt/airflow/dags/pipeline_orchestration/customer_churn_dag.py
[2025-03-02T17:28:15.758+0000] {logging_mixin.py:151} INFO - [2025-03-02T17:28:15.757+0000] {dag.py:2915} INFO - Sync 1 DAGs
[2025-03-02T17:28:15.773+0000] {logging_mixin.py:151} INFO - [2025-03-02T17:28:15.772+0000] {dag.py:3696} INFO - Setting next_dagrun for customer_churn_pipeline to 2025-03-02T00:00:00+00:00, run_after=2025-03-03T00:00:00+00:00
[2025-03-02T17:28:15.782+0000] {processor.py:179} INFO - Processing /opt/airflow/dags/pipeline_orchestration/customer_churn_dag.py took 0.103 seconds
[2025-03-02T17:28:46.155+0000] {processor.py:157} INFO - Started process (PID=840) to work on /opt/airflow/dags/pipeline_orchestration/customer_churn_dag.py
[2025-03-02T17:28:46.157+0000] {processor.py:829} INFO - Processing file /opt/airflow/dags/pipeline_orchestration/customer_churn_dag.py for tasks to queue
[2025-03-02T17:28:46.159+0000] {logging_mixin.py:151} INFO - [2025-03-02T17:28:46.158+0000] {dagbag.py:539} INFO - Filling up the DagBag from /opt/airflow/dags/pipeline_orchestration/customer_churn_dag.py
[2025-03-02T17:28:46.188+0000] {processor.py:839} INFO - DAG(s) dict_keys(['customer_churn_pipeline']) retrieved from /opt/airflow/dags/pipeline_orchestration/customer_churn_dag.py
[2025-03-02T17:28:46.225+0000] {logging_mixin.py:151} INFO - [2025-03-02T17:28:46.225+0000] {dag.py:2915} INFO - Sync 1 DAGs
[2025-03-02T17:28:46.243+0000] {logging_mixin.py:151} INFO - [2025-03-02T17:28:46.243+0000] {dag.py:3696} INFO - Setting next_dagrun for customer_churn_pipeline to 2025-03-02T00:00:00+00:00, run_after=2025-03-03T00:00:00+00:00
[2025-03-02T17:28:46.254+0000] {processor.py:179} INFO - Processing /opt/airflow/dags/pipeline_orchestration/customer_churn_dag.py took 0.109 seconds
[2025-03-02T17:29:16.586+0000] {processor.py:157} INFO - Started process (PID=845) to work on /opt/airflow/dags/pipeline_orchestration/customer_churn_dag.py
[2025-03-02T17:29:16.589+0000] {processor.py:829} INFO - Processing file /opt/airflow/dags/pipeline_orchestration/customer_churn_dag.py for tasks to queue
[2025-03-02T17:29:16.590+0000] {logging_mixin.py:151} INFO - [2025-03-02T17:29:16.589+0000] {dagbag.py:539} INFO - Filling up the DagBag from /opt/airflow/dags/pipeline_orchestration/customer_churn_dag.py
[2025-03-02T17:29:16.617+0000] {processor.py:839} INFO - DAG(s) dict_keys(['customer_churn_pipeline']) retrieved from /opt/airflow/dags/pipeline_orchestration/customer_churn_dag.py
[2025-03-02T17:29:16.653+0000] {logging_mixin.py:151} INFO - [2025-03-02T17:29:16.653+0000] {dag.py:2915} INFO - Sync 1 DAGs
[2025-03-02T17:29:16.670+0000] {logging_mixin.py:151} INFO - [2025-03-02T17:29:16.670+0000] {dag.py:3696} INFO - Setting next_dagrun for customer_churn_pipeline to 2025-03-02T00:00:00+00:00, run_after=2025-03-03T00:00:00+00:00
[2025-03-02T17:29:16.680+0000] {processor.py:179} INFO - Processing /opt/airflow/dags/pipeline_orchestration/customer_churn_dag.py took 0.100 seconds
[2025-03-02T17:29:47.012+0000] {processor.py:157} INFO - Started process (PID=850) to work on /opt/airflow/dags/pipeline_orchestration/customer_churn_dag.py
[2025-03-02T17:29:47.014+0000] {processor.py:829} INFO - Processing file /opt/airflow/dags/pipeline_orchestration/customer_churn_dag.py for tasks to queue
[2025-03-02T17:29:47.016+0000] {logging_mixin.py:151} INFO - [2025-03-02T17:29:47.015+0000] {dagbag.py:539} INFO - Filling up the DagBag from /opt/airflow/dags/pipeline_orchestration/customer_churn_dag.py
[2025-03-02T17:29:47.054+0000] {processor.py:839} INFO - DAG(s) dict_keys(['customer_churn_pipeline']) retrieved from /opt/airflow/dags/pipeline_orchestration/customer_churn_dag.py
[2025-03-02T17:29:47.108+0000] {logging_mixin.py:151} INFO - [2025-03-02T17:29:47.108+0000] {dag.py:2915} INFO - Sync 1 DAGs
[2025-03-02T17:29:47.127+0000] {logging_mixin.py:151} INFO - [2025-03-02T17:29:47.127+0000] {dag.py:3696} INFO - Setting next_dagrun for customer_churn_pipeline to 2025-03-02T00:00:00+00:00, run_after=2025-03-03T00:00:00+00:00
[2025-03-02T17:29:47.140+0000] {processor.py:179} INFO - Processing /opt/airflow/dags/pipeline_orchestration/customer_churn_dag.py took 0.137 seconds
[2025-03-02T17:30:17.403+0000] {processor.py:157} INFO - Started process (PID=855) to work on /opt/airflow/dags/pipeline_orchestration/customer_churn_dag.py
[2025-03-02T17:30:17.407+0000] {processor.py:829} INFO - Processing file /opt/airflow/dags/pipeline_orchestration/customer_churn_dag.py for tasks to queue
[2025-03-02T17:30:17.414+0000] {logging_mixin.py:151} INFO - [2025-03-02T17:30:17.413+0000] {dagbag.py:539} INFO - Filling up the DagBag from /opt/airflow/dags/pipeline_orchestration/customer_churn_dag.py
[2025-03-02T17:30:17.450+0000] {processor.py:839} INFO - DAG(s) dict_keys(['customer_churn_pipeline']) retrieved from /opt/airflow/dags/pipeline_orchestration/customer_churn_dag.py
[2025-03-02T17:30:17.483+0000] {logging_mixin.py:151} INFO - [2025-03-02T17:30:17.483+0000] {dag.py:2915} INFO - Sync 1 DAGs
[2025-03-02T17:30:17.497+0000] {logging_mixin.py:151} INFO - [2025-03-02T17:30:17.497+0000] {dag.py:3696} INFO - Setting next_dagrun for customer_churn_pipeline to 2025-03-02T00:00:00+00:00, run_after=2025-03-03T00:00:00+00:00
[2025-03-02T17:30:17.508+0000] {processor.py:179} INFO - Processing /opt/airflow/dags/pipeline_orchestration/customer_churn_dag.py took 0.118 seconds
[2025-03-02T17:30:47.900+0000] {processor.py:157} INFO - Started process (PID=860) to work on /opt/airflow/dags/pipeline_orchestration/customer_churn_dag.py
[2025-03-02T17:30:47.904+0000] {processor.py:829} INFO - Processing file /opt/airflow/dags/pipeline_orchestration/customer_churn_dag.py for tasks to queue
[2025-03-02T17:30:47.907+0000] {logging_mixin.py:151} INFO - [2025-03-02T17:30:47.905+0000] {dagbag.py:539} INFO - Filling up the DagBag from /opt/airflow/dags/pipeline_orchestration/customer_churn_dag.py
[2025-03-02T17:30:47.937+0000] {processor.py:839} INFO - DAG(s) dict_keys(['customer_churn_pipeline']) retrieved from /opt/airflow/dags/pipeline_orchestration/customer_churn_dag.py
[2025-03-02T17:30:47.972+0000] {logging_mixin.py:151} INFO - [2025-03-02T17:30:47.972+0000] {dag.py:2915} INFO - Sync 1 DAGs
[2025-03-02T17:30:47.990+0000] {logging_mixin.py:151} INFO - [2025-03-02T17:30:47.990+0000] {dag.py:3696} INFO - Setting next_dagrun for customer_churn_pipeline to 2025-03-02T00:00:00+00:00, run_after=2025-03-03T00:00:00+00:00
[2025-03-02T17:30:48.000+0000] {processor.py:179} INFO - Processing /opt/airflow/dags/pipeline_orchestration/customer_churn_dag.py took 0.109 seconds
[2025-03-02T17:31:18.361+0000] {processor.py:157} INFO - Started process (PID=865) to work on /opt/airflow/dags/pipeline_orchestration/customer_churn_dag.py
[2025-03-02T17:31:18.365+0000] {processor.py:829} INFO - Processing file /opt/airflow/dags/pipeline_orchestration/customer_churn_dag.py for tasks to queue
[2025-03-02T17:31:18.366+0000] {logging_mixin.py:151} INFO - [2025-03-02T17:31:18.366+0000] {dagbag.py:539} INFO - Filling up the DagBag from /opt/airflow/dags/pipeline_orchestration/customer_churn_dag.py
[2025-03-02T17:31:18.397+0000] {processor.py:839} INFO - DAG(s) dict_keys(['customer_churn_pipeline']) retrieved from /opt/airflow/dags/pipeline_orchestration/customer_churn_dag.py
[2025-03-02T17:31:18.436+0000] {logging_mixin.py:151} INFO - [2025-03-02T17:31:18.435+0000] {dag.py:2915} INFO - Sync 1 DAGs
[2025-03-02T17:31:18.455+0000] {logging_mixin.py:151} INFO - [2025-03-02T17:31:18.455+0000] {dag.py:3696} INFO - Setting next_dagrun for customer_churn_pipeline to 2025-03-02T00:00:00+00:00, run_after=2025-03-03T00:00:00+00:00
[2025-03-02T17:31:18.464+0000] {processor.py:179} INFO - Processing /opt/airflow/dags/pipeline_orchestration/customer_churn_dag.py took 0.108 seconds
[2025-03-02T17:31:48.860+0000] {processor.py:157} INFO - Started process (PID=870) to work on /opt/airflow/dags/pipeline_orchestration/customer_churn_dag.py
[2025-03-02T17:31:48.863+0000] {processor.py:829} INFO - Processing file /opt/airflow/dags/pipeline_orchestration/customer_churn_dag.py for tasks to queue
[2025-03-02T17:31:48.865+0000] {logging_mixin.py:151} INFO - [2025-03-02T17:31:48.864+0000] {dagbag.py:539} INFO - Filling up the DagBag from /opt/airflow/dags/pipeline_orchestration/customer_churn_dag.py
[2025-03-02T17:31:48.896+0000] {processor.py:839} INFO - DAG(s) dict_keys(['customer_churn_pipeline']) retrieved from /opt/airflow/dags/pipeline_orchestration/customer_churn_dag.py
[2025-03-02T17:31:48.931+0000] {logging_mixin.py:151} INFO - [2025-03-02T17:31:48.931+0000] {dag.py:2915} INFO - Sync 1 DAGs
[2025-03-02T17:31:48.946+0000] {logging_mixin.py:151} INFO - [2025-03-02T17:31:48.946+0000] {dag.py:3696} INFO - Setting next_dagrun for customer_churn_pipeline to 2025-03-02T00:00:00+00:00, run_after=2025-03-03T00:00:00+00:00
[2025-03-02T17:31:48.955+0000] {processor.py:179} INFO - Processing /opt/airflow/dags/pipeline_orchestration/customer_churn_dag.py took 0.105 seconds
[2025-03-02T17:32:19.549+0000] {processor.py:157} INFO - Started process (PID=875) to work on /opt/airflow/dags/pipeline_orchestration/customer_churn_dag.py
[2025-03-02T17:32:19.556+0000] {processor.py:829} INFO - Processing file /opt/airflow/dags/pipeline_orchestration/customer_churn_dag.py for tasks to queue
[2025-03-02T17:32:19.558+0000] {logging_mixin.py:151} INFO - [2025-03-02T17:32:19.557+0000] {dagbag.py:539} INFO - Filling up the DagBag from /opt/airflow/dags/pipeline_orchestration/customer_churn_dag.py
[2025-03-02T17:32:19.596+0000] {processor.py:839} INFO - DAG(s) dict_keys(['customer_churn_pipeline']) retrieved from /opt/airflow/dags/pipeline_orchestration/customer_churn_dag.py
[2025-03-02T17:32:19.648+0000] {logging_mixin.py:151} INFO - [2025-03-02T17:32:19.648+0000] {dag.py:2915} INFO - Sync 1 DAGs
[2025-03-02T17:32:19.668+0000] {logging_mixin.py:151} INFO - [2025-03-02T17:32:19.668+0000] {dag.py:3696} INFO - Setting next_dagrun for customer_churn_pipeline to 2025-03-02T00:00:00+00:00, run_after=2025-03-03T00:00:00+00:00
[2025-03-02T17:32:19.679+0000] {processor.py:179} INFO - Processing /opt/airflow/dags/pipeline_orchestration/customer_churn_dag.py took 0.139 seconds
[2025-03-02T17:32:50.011+0000] {processor.py:157} INFO - Started process (PID=880) to work on /opt/airflow/dags/pipeline_orchestration/customer_churn_dag.py
[2025-03-02T17:32:50.016+0000] {processor.py:829} INFO - Processing file /opt/airflow/dags/pipeline_orchestration/customer_churn_dag.py for tasks to queue
[2025-03-02T17:32:50.018+0000] {logging_mixin.py:151} INFO - [2025-03-02T17:32:50.017+0000] {dagbag.py:539} INFO - Filling up the DagBag from /opt/airflow/dags/pipeline_orchestration/customer_churn_dag.py
[2025-03-02T17:32:50.054+0000] {processor.py:839} INFO - DAG(s) dict_keys(['customer_churn_pipeline']) retrieved from /opt/airflow/dags/pipeline_orchestration/customer_churn_dag.py
[2025-03-02T17:32:50.092+0000] {logging_mixin.py:151} INFO - [2025-03-02T17:32:50.091+0000] {dag.py:2915} INFO - Sync 1 DAGs
[2025-03-02T17:32:50.107+0000] {logging_mixin.py:151} INFO - [2025-03-02T17:32:50.107+0000] {dag.py:3696} INFO - Setting next_dagrun for customer_churn_pipeline to 2025-03-02T00:00:00+00:00, run_after=2025-03-03T00:00:00+00:00
[2025-03-02T17:32:50.118+0000] {processor.py:179} INFO - Processing /opt/airflow/dags/pipeline_orchestration/customer_churn_dag.py took 0.114 seconds
[2025-03-02T17:33:20.454+0000] {processor.py:157} INFO - Started process (PID=885) to work on /opt/airflow/dags/pipeline_orchestration/customer_churn_dag.py
[2025-03-02T17:33:20.462+0000] {processor.py:829} INFO - Processing file /opt/airflow/dags/pipeline_orchestration/customer_churn_dag.py for tasks to queue
[2025-03-02T17:33:20.463+0000] {logging_mixin.py:151} INFO - [2025-03-02T17:33:20.462+0000] {dagbag.py:539} INFO - Filling up the DagBag from /opt/airflow/dags/pipeline_orchestration/customer_churn_dag.py
[2025-03-02T17:33:20.500+0000] {processor.py:839} INFO - DAG(s) dict_keys(['customer_churn_pipeline']) retrieved from /opt/airflow/dags/pipeline_orchestration/customer_churn_dag.py
[2025-03-02T17:33:20.541+0000] {logging_mixin.py:151} INFO - [2025-03-02T17:33:20.540+0000] {dag.py:2915} INFO - Sync 1 DAGs
[2025-03-02T17:33:20.557+0000] {logging_mixin.py:151} INFO - [2025-03-02T17:33:20.557+0000] {dag.py:3696} INFO - Setting next_dagrun for customer_churn_pipeline to 2025-03-02T00:00:00+00:00, run_after=2025-03-03T00:00:00+00:00
[2025-03-02T17:33:20.567+0000] {processor.py:179} INFO - Processing /opt/airflow/dags/pipeline_orchestration/customer_churn_dag.py took 0.122 seconds
[2025-03-02T17:33:50.958+0000] {processor.py:157} INFO - Started process (PID=890) to work on /opt/airflow/dags/pipeline_orchestration/customer_churn_dag.py
[2025-03-02T17:33:50.962+0000] {processor.py:829} INFO - Processing file /opt/airflow/dags/pipeline_orchestration/customer_churn_dag.py for tasks to queue
[2025-03-02T17:33:50.963+0000] {logging_mixin.py:151} INFO - [2025-03-02T17:33:50.963+0000] {dagbag.py:539} INFO - Filling up the DagBag from /opt/airflow/dags/pipeline_orchestration/customer_churn_dag.py
[2025-03-02T17:33:50.998+0000] {processor.py:839} INFO - DAG(s) dict_keys(['customer_churn_pipeline']) retrieved from /opt/airflow/dags/pipeline_orchestration/customer_churn_dag.py
[2025-03-02T17:33:51.031+0000] {logging_mixin.py:151} INFO - [2025-03-02T17:33:51.031+0000] {dag.py:2915} INFO - Sync 1 DAGs
[2025-03-02T17:33:51.050+0000] {logging_mixin.py:151} INFO - [2025-03-02T17:33:51.050+0000] {dag.py:3696} INFO - Setting next_dagrun for customer_churn_pipeline to 2025-03-02T00:00:00+00:00, run_after=2025-03-03T00:00:00+00:00
[2025-03-02T17:33:51.063+0000] {processor.py:179} INFO - Processing /opt/airflow/dags/pipeline_orchestration/customer_churn_dag.py took 0.112 seconds
[2025-03-02T17:34:21.426+0000] {processor.py:157} INFO - Started process (PID=895) to work on /opt/airflow/dags/pipeline_orchestration/customer_churn_dag.py
[2025-03-02T17:34:21.429+0000] {processor.py:829} INFO - Processing file /opt/airflow/dags/pipeline_orchestration/customer_churn_dag.py for tasks to queue
[2025-03-02T17:34:21.433+0000] {logging_mixin.py:151} INFO - [2025-03-02T17:34:21.431+0000] {dagbag.py:539} INFO - Filling up the DagBag from /opt/airflow/dags/pipeline_orchestration/customer_churn_dag.py
[2025-03-02T17:34:21.471+0000] {processor.py:839} INFO - DAG(s) dict_keys(['customer_churn_pipeline']) retrieved from /opt/airflow/dags/pipeline_orchestration/customer_churn_dag.py
[2025-03-02T17:34:21.520+0000] {logging_mixin.py:151} INFO - [2025-03-02T17:34:21.520+0000] {dag.py:2915} INFO - Sync 1 DAGs
[2025-03-02T17:34:21.536+0000] {logging_mixin.py:151} INFO - [2025-03-02T17:34:21.536+0000] {dag.py:3696} INFO - Setting next_dagrun for customer_churn_pipeline to 2025-03-02T00:00:00+00:00, run_after=2025-03-03T00:00:00+00:00
[2025-03-02T17:34:21.547+0000] {processor.py:179} INFO - Processing /opt/airflow/dags/pipeline_orchestration/customer_churn_dag.py took 0.130 seconds
[2025-03-02T17:34:51.862+0000] {processor.py:157} INFO - Started process (PID=900) to work on /opt/airflow/dags/pipeline_orchestration/customer_churn_dag.py
[2025-03-02T17:34:51.865+0000] {processor.py:829} INFO - Processing file /opt/airflow/dags/pipeline_orchestration/customer_churn_dag.py for tasks to queue
[2025-03-02T17:34:51.867+0000] {logging_mixin.py:151} INFO - [2025-03-02T17:34:51.866+0000] {dagbag.py:539} INFO - Filling up the DagBag from /opt/airflow/dags/pipeline_orchestration/customer_churn_dag.py
[2025-03-02T17:34:51.901+0000] {processor.py:839} INFO - DAG(s) dict_keys(['customer_churn_pipeline']) retrieved from /opt/airflow/dags/pipeline_orchestration/customer_churn_dag.py
[2025-03-02T17:34:51.936+0000] {logging_mixin.py:151} INFO - [2025-03-02T17:34:51.936+0000] {dag.py:2915} INFO - Sync 1 DAGs
[2025-03-02T17:34:51.953+0000] {logging_mixin.py:151} INFO - [2025-03-02T17:34:51.953+0000] {dag.py:3696} INFO - Setting next_dagrun for customer_churn_pipeline to 2025-03-02T00:00:00+00:00, run_after=2025-03-03T00:00:00+00:00
[2025-03-02T17:34:51.963+0000] {processor.py:179} INFO - Processing /opt/airflow/dags/pipeline_orchestration/customer_churn_dag.py took 0.110 seconds
[2025-03-02T17:35:22.378+0000] {processor.py:157} INFO - Started process (PID=905) to work on /opt/airflow/dags/pipeline_orchestration/customer_churn_dag.py
[2025-03-02T17:35:22.380+0000] {processor.py:829} INFO - Processing file /opt/airflow/dags/pipeline_orchestration/customer_churn_dag.py for tasks to queue
[2025-03-02T17:35:22.381+0000] {logging_mixin.py:151} INFO - [2025-03-02T17:35:22.380+0000] {dagbag.py:539} INFO - Filling up the DagBag from /opt/airflow/dags/pipeline_orchestration/customer_churn_dag.py
[2025-03-02T17:35:22.414+0000] {processor.py:839} INFO - DAG(s) dict_keys(['customer_churn_pipeline']) retrieved from /opt/airflow/dags/pipeline_orchestration/customer_churn_dag.py
[2025-03-02T17:35:22.456+0000] {logging_mixin.py:151} INFO - [2025-03-02T17:35:22.456+0000] {dag.py:2915} INFO - Sync 1 DAGs
[2025-03-02T17:35:22.476+0000] {logging_mixin.py:151} INFO - [2025-03-02T17:35:22.476+0000] {dag.py:3696} INFO - Setting next_dagrun for customer_churn_pipeline to 2025-03-02T00:00:00+00:00, run_after=2025-03-03T00:00:00+00:00
[2025-03-02T17:35:22.487+0000] {processor.py:179} INFO - Processing /opt/airflow/dags/pipeline_orchestration/customer_churn_dag.py took 0.120 seconds
[2025-03-02T17:35:52.839+0000] {processor.py:157} INFO - Started process (PID=910) to work on /opt/airflow/dags/pipeline_orchestration/customer_churn_dag.py
[2025-03-02T17:35:52.842+0000] {processor.py:829} INFO - Processing file /opt/airflow/dags/pipeline_orchestration/customer_churn_dag.py for tasks to queue
[2025-03-02T17:35:52.847+0000] {logging_mixin.py:151} INFO - [2025-03-02T17:35:52.843+0000] {dagbag.py:539} INFO - Filling up the DagBag from /opt/airflow/dags/pipeline_orchestration/customer_churn_dag.py
[2025-03-02T17:35:52.881+0000] {processor.py:839} INFO - DAG(s) dict_keys(['customer_churn_pipeline']) retrieved from /opt/airflow/dags/pipeline_orchestration/customer_churn_dag.py
[2025-03-02T17:35:52.917+0000] {logging_mixin.py:151} INFO - [2025-03-02T17:35:52.916+0000] {dag.py:2915} INFO - Sync 1 DAGs
[2025-03-02T17:35:52.933+0000] {logging_mixin.py:151} INFO - [2025-03-02T17:35:52.933+0000] {dag.py:3696} INFO - Setting next_dagrun for customer_churn_pipeline to 2025-03-02T00:00:00+00:00, run_after=2025-03-03T00:00:00+00:00
[2025-03-02T17:35:52.946+0000] {processor.py:179} INFO - Processing /opt/airflow/dags/pipeline_orchestration/customer_churn_dag.py took 0.116 seconds
[2025-03-02T17:36:23.284+0000] {processor.py:157} INFO - Started process (PID=915) to work on /opt/airflow/dags/pipeline_orchestration/customer_churn_dag.py
[2025-03-02T17:36:23.287+0000] {processor.py:829} INFO - Processing file /opt/airflow/dags/pipeline_orchestration/customer_churn_dag.py for tasks to queue
[2025-03-02T17:36:23.288+0000] {logging_mixin.py:151} INFO - [2025-03-02T17:36:23.288+0000] {dagbag.py:539} INFO - Filling up the DagBag from /opt/airflow/dags/pipeline_orchestration/customer_churn_dag.py
[2025-03-02T17:36:23.327+0000] {processor.py:839} INFO - DAG(s) dict_keys(['customer_churn_pipeline']) retrieved from /opt/airflow/dags/pipeline_orchestration/customer_churn_dag.py
[2025-03-02T17:36:23.372+0000] {logging_mixin.py:151} INFO - [2025-03-02T17:36:23.372+0000] {dag.py:2915} INFO - Sync 1 DAGs
[2025-03-02T17:36:23.392+0000] {logging_mixin.py:151} INFO - [2025-03-02T17:36:23.392+0000] {dag.py:3696} INFO - Setting next_dagrun for customer_churn_pipeline to 2025-03-02T00:00:00+00:00, run_after=2025-03-03T00:00:00+00:00
[2025-03-02T17:36:23.408+0000] {processor.py:179} INFO - Processing /opt/airflow/dags/pipeline_orchestration/customer_churn_dag.py took 0.133 seconds
[2025-03-02T17:36:53.723+0000] {processor.py:157} INFO - Started process (PID=920) to work on /opt/airflow/dags/pipeline_orchestration/customer_churn_dag.py
[2025-03-02T17:36:53.726+0000] {processor.py:829} INFO - Processing file /opt/airflow/dags/pipeline_orchestration/customer_churn_dag.py for tasks to queue
[2025-03-02T17:36:53.728+0000] {logging_mixin.py:151} INFO - [2025-03-02T17:36:53.727+0000] {dagbag.py:539} INFO - Filling up the DagBag from /opt/airflow/dags/pipeline_orchestration/customer_churn_dag.py
[2025-03-02T17:36:53.762+0000] {processor.py:839} INFO - DAG(s) dict_keys(['customer_churn_pipeline']) retrieved from /opt/airflow/dags/pipeline_orchestration/customer_churn_dag.py
[2025-03-02T17:36:53.801+0000] {logging_mixin.py:151} INFO - [2025-03-02T17:36:53.801+0000] {dag.py:2915} INFO - Sync 1 DAGs
[2025-03-02T17:36:53.820+0000] {logging_mixin.py:151} INFO - [2025-03-02T17:36:53.820+0000] {dag.py:3696} INFO - Setting next_dagrun for customer_churn_pipeline to 2025-03-02T00:00:00+00:00, run_after=2025-03-03T00:00:00+00:00
[2025-03-02T17:36:53.831+0000] {processor.py:179} INFO - Processing /opt/airflow/dags/pipeline_orchestration/customer_churn_dag.py took 0.116 seconds
[2025-03-02T17:37:24.203+0000] {processor.py:157} INFO - Started process (PID=925) to work on /opt/airflow/dags/pipeline_orchestration/customer_churn_dag.py
[2025-03-02T17:37:24.210+0000] {processor.py:829} INFO - Processing file /opt/airflow/dags/pipeline_orchestration/customer_churn_dag.py for tasks to queue
[2025-03-02T17:37:24.211+0000] {logging_mixin.py:151} INFO - [2025-03-02T17:37:24.211+0000] {dagbag.py:539} INFO - Filling up the DagBag from /opt/airflow/dags/pipeline_orchestration/customer_churn_dag.py
[2025-03-02T17:37:24.243+0000] {processor.py:839} INFO - DAG(s) dict_keys(['customer_churn_pipeline']) retrieved from /opt/airflow/dags/pipeline_orchestration/customer_churn_dag.py
[2025-03-02T17:37:24.283+0000] {logging_mixin.py:151} INFO - [2025-03-02T17:37:24.283+0000] {dag.py:2915} INFO - Sync 1 DAGs
[2025-03-02T17:37:24.300+0000] {logging_mixin.py:151} INFO - [2025-03-02T17:37:24.300+0000] {dag.py:3696} INFO - Setting next_dagrun for customer_churn_pipeline to 2025-03-02T00:00:00+00:00, run_after=2025-03-03T00:00:00+00:00
[2025-03-02T17:37:24.311+0000] {processor.py:179} INFO - Processing /opt/airflow/dags/pipeline_orchestration/customer_churn_dag.py took 0.115 seconds
[2025-03-02T17:37:54.633+0000] {processor.py:157} INFO - Started process (PID=930) to work on /opt/airflow/dags/pipeline_orchestration/customer_churn_dag.py
[2025-03-02T17:37:54.638+0000] {processor.py:829} INFO - Processing file /opt/airflow/dags/pipeline_orchestration/customer_churn_dag.py for tasks to queue
[2025-03-02T17:37:54.639+0000] {logging_mixin.py:151} INFO - [2025-03-02T17:37:54.639+0000] {dagbag.py:539} INFO - Filling up the DagBag from /opt/airflow/dags/pipeline_orchestration/customer_churn_dag.py
[2025-03-02T17:37:54.675+0000] {processor.py:839} INFO - DAG(s) dict_keys(['customer_churn_pipeline']) retrieved from /opt/airflow/dags/pipeline_orchestration/customer_churn_dag.py
[2025-03-02T17:37:54.712+0000] {logging_mixin.py:151} INFO - [2025-03-02T17:37:54.712+0000] {dag.py:2915} INFO - Sync 1 DAGs
[2025-03-02T17:37:54.730+0000] {logging_mixin.py:151} INFO - [2025-03-02T17:37:54.730+0000] {dag.py:3696} INFO - Setting next_dagrun for customer_churn_pipeline to 2025-03-02T00:00:00+00:00, run_after=2025-03-03T00:00:00+00:00
[2025-03-02T17:37:54.740+0000] {processor.py:179} INFO - Processing /opt/airflow/dags/pipeline_orchestration/customer_churn_dag.py took 0.113 seconds
[2025-03-02T17:38:25.039+0000] {processor.py:157} INFO - Started process (PID=935) to work on /opt/airflow/dags/pipeline_orchestration/customer_churn_dag.py
[2025-03-02T17:38:25.043+0000] {processor.py:829} INFO - Processing file /opt/airflow/dags/pipeline_orchestration/customer_churn_dag.py for tasks to queue
[2025-03-02T17:38:25.046+0000] {logging_mixin.py:151} INFO - [2025-03-02T17:38:25.045+0000] {dagbag.py:539} INFO - Filling up the DagBag from /opt/airflow/dags/pipeline_orchestration/customer_churn_dag.py
[2025-03-02T17:38:25.092+0000] {processor.py:839} INFO - DAG(s) dict_keys(['customer_churn_pipeline']) retrieved from /opt/airflow/dags/pipeline_orchestration/customer_churn_dag.py
[2025-03-02T17:38:25.140+0000] {logging_mixin.py:151} INFO - [2025-03-02T17:38:25.140+0000] {dag.py:2915} INFO - Sync 1 DAGs
[2025-03-02T17:38:25.161+0000] {logging_mixin.py:151} INFO - [2025-03-02T17:38:25.161+0000] {dag.py:3696} INFO - Setting next_dagrun for customer_churn_pipeline to 2025-03-02T00:00:00+00:00, run_after=2025-03-03T00:00:00+00:00
[2025-03-02T17:38:25.172+0000] {processor.py:179} INFO - Processing /opt/airflow/dags/pipeline_orchestration/customer_churn_dag.py took 0.143 seconds
